timestamp,frame,fps,ear_left,ear_right,ear_avg,mar,ml_eye_closed_conf,ml_mouth_yawn_conf,fused_score,eye_closed_fused,perclos,closure_duration_s,yawn_duration_s,status
1778745172.7120,0,2.8,0.2471,0.2615,0.2543,0.0631,0.1451,0.2604,0.0000,0,0.0000,0.0000,0.0000,NORMAL
1778745172.7908,1,19.4,0.2770,0.2725,0.2747,0.0823,0.2147,0.6033,0.0000,0,0.0000,0.0000,0.0000,NORMAL
1778745172.8099,2,69.7,0.2924,0.2840,0.2882,0.0417,0.1636,0.6041,0.0000,0,0.0000,0.0000,0.0000,NORMAL
1778745172.8394,3,34.6,0.2750,0.3222,0.2986,0.0132,0.1512,0.7404,0.0000,0,0.0000,0.0000,0.0000,NORMAL
1778745172.8674,4,35.1,0.2755,0.3167,0.2961,0.0069,0.1293,0.7132,0.0000,0,0.0000,0.0000,0.0000,NORMAL
1778745172.8994,5,31.7,0.2737,0.3140,0.2939,0.0079,0.1011,0.7911,0.0000,0,0.0000,0.0000,0.0000,NORMAL
1778745172.9309,6,32.5,0.2905,0.3223,0.3064,0.0067,0.0998,0.6764,0.0000,0,0.0000,0.0000,0.0000,NORMAL
1778745172.9629,7,30.0,0.2714,0.3030,0.2872,0.0078,0.1010,0.6120,0.0000,0,0.0000,0.0000,0.0000,NORMAL
1778745172.9959,8,31.5,0.2893,0.2972,0.2932,0.0052,0.0958,0.6651,0.0000,0,0.0000,0.0000,0.0000,NORMAL
1778745173.0284,9,29.6,0.2886,0.3172,0.3029,0.0076,0.1079,0.6488,0.0000,0,0.0000,0.0000,0.0000,NORMAL
1778745173.0594,10,33.4,0.2644,0.2940,0.2792,0.0069,0.0997,0.7038,0.0000,0,0.0000,0.0000,0.0000,NORMAL
1778745173.1399,11,12.6,0.2864,0.3179,0.3022,0.0053,0.1062,0.6313,0.0000,0,0.0000,0.0000,0.0000,NORMAL
1778745173.1529,12,78.5,0.2832,0.3049,0.2941,0.0039,0.1062,0.6432,0.0000,0,0.0000,0.0000,0.0000,NORMAL
1778745173.2039,13,19.1,0.3025,0.2835,0.2930,0.0030,0.1040,0.5770,0.0000,0,0.0000,0.0000,0.0000,NORMAL
1778745173.2304,14,36.5,0.2958,0.3114,0.3036,0.0046,0.1079,0.6404,0.0000,0,0.0000,0.0000,0.0000,NORMAL
1778745173.2678,15,26.6,0.2824,0.2898,0.2861,0.0071,0.1103,0.5743,0.0000,0,0.0000,0.0000,0.0000,NORMAL
1778745173.2798,16,94.1,0.2766,0.2747,0.2756,0.0064,0.1103,0.5681,0.0000,0,0.0000,0.0000,0.0000,NORMAL
1778745173.3313,17,18.6,0.2828,0.3019,0.2924,0.0077,0.1137,0.5361,0.0000,0,0.0000,0.0000,0.0000,NORMAL
1778745173.3534,18,52.7,0.2825,0.3002,0.2913,0.0069,0.1137,0.5361,0.0000,0,0.0000,0.0000,0.0000,NORMAL
1778745173.3954,19,24.0,0.2781,0.2975,0.2878,0.0053,0.1083,0.4806,0.0000,0,0.0000,0.0000,0.0000,NORMAL
1778745173.4159,20,45.6,0.2839,0.2981,0.2910,0.0051,0.1082,0.4806,0.0000,0,0.0000,0.0000,0.0000,NORMAL
1778745173.4329,21,58.7,0.2826,0.3017,0.2921,0.0055,0.1082,0.5861,0.0000,0,0.0000,0.0000,0.0000,NORMAL
1778745173.4750,22,23.7,0.2880,0.2800,0.2840,0.0066,0.1007,0.6465,0.0000,0,0.0000,0.0000,0.0000,NORMAL
1778745173.5391,23,15.8,0.2738,0.2801,0.2769,0.0067,0.1081,0.5943,0.0000,0,0.0000,0.0000,0.0000,NORMAL
1778745173.5571,24,54.9,0.2736,0.2768,0.2752,0.0067,0.1132,0.6777,0.0000,0,0.0000,0.0000,0.0000,NORMAL
1778745173.6031,25,21.9,0.2719,0.2892,0.2805,0.0050,0.1080,0.6134,0.0000,0,0.0000,0.0000,0.0000,NORMAL
1778745173.6186,26,62.2,0.2735,0.2962,0.2849,0.0043,0.1080,0.6624,0.0000,0,0.0000,0.0000,0.0000,NORMAL
1778745173.6676,27,20.7,0.2821,0.2910,0.2866,0.0092,0.1026,0.5909,0.0000,0,0.0000,0.0000,0.0000,NORMAL
1778745173.6816,28,67.9,0.2834,0.2909,0.2872,0.0095,0.1025,0.5909,0.0000,0,0.0000,0.0000,0.0000,NORMAL
1778745173.7325,29,19.2,0.2871,0.2740,0.2806,0.0107,0.1148,0.5341,0.0000,0,0.0000,0.0000,0.0000,NORMAL
1778745173.7605,30,36.7,0.2853,0.2735,0.2794,0.0099,0.1148,0.4850,0.0000,0,0.0000,0.0000,0.0000,NORMAL
1778745173.7955,31,29.1,0.3017,0.3057,0.3037,0.0063,0.1063,0.6075,0.0000,0,0.0000,0.0000,0.0000,NORMAL
1778745173.8220,32,37.2,0.2904,0.3099,0.3001,0.0078,0.1131,0.6935,0.0000,0,0.0000,0.0000,0.0000,NORMAL
1778745173.8380,33,62.6,0.2988,0.3000,0.2994,0.0082,0.1124,0.6935,0.0000,0,0.0000,0.0000,0.0000,NORMAL
1778745173.8760,34,25.7,0.2944,0.3090,0.3017,0.0054,0.1008,0.5749,0.0000,0,0.0000,0.0000,0.0000,NORMAL
1778745173.9406,35,15.6,0.2891,0.3010,0.2950,0.0044,0.0981,0.5774,0.0000,0,0.0000,0.0000,0.0000,NORMAL
1778745173.9635,36,44.3,0.2886,0.3013,0.2950,0.0044,0.0981,0.5295,0.0000,0,0.0000,0.0000,0.0000,NORMAL
1778745174.0035,37,25.4,0.2860,0.3063,0.2961,0.0070,0.0979,0.6543,0.0000,0,0.0000,0.0000,0.0000,NORMAL
1778745174.0250,38,47.5,0.2890,0.3097,0.2993,0.0052,0.0951,0.6823,0.0000,0,0.0000,0.0000,0.0000,NORMAL
1778745174.0680,39,22.7,0.2946,0.3015,0.2980,0.0062,0.1065,0.5358,0.0000,0,0.0000,0.0000,0.0000,NORMAL
1778745174.0871,40,55.5,0.2975,0.3095,0.3035,0.0064,0.1066,0.5358,0.0000,0,0.0000,0.0000,0.0000,NORMAL
1778745174.1322,41,21.6,0.2810,0.3109,0.2960,0.0075,0.0964,0.6465,0.0000,0,0.0000,0.0000,0.0000,NORMAL
1778745174.1492,42,57.9,0.2795,0.3163,0.2979,0.0076,0.0964,0.6465,0.0000,0,0.0000,0.0000,0.0000,NORMAL
1778745174.2143,43,15.7,0.2986,0.3031,0.3009,0.0087,0.0850,0.5210,0.0000,0,0.0000,0.0000,0.0000,NORMAL
1778745174.2288,44,62.6,0.2968,0.3103,0.3035,0.0078,0.0847,0.5747,0.0000,0,0.0000,0.0000,0.0000,NORMAL
1778745174.2438,45,62.5,0.2966,0.3155,0.3061,0.0090,0.0847,0.5747,0.0000,0,0.0000,0.0000,0.0000,NORMAL
1778745174.2749,46,33.8,0.2383,0.2329,0.2356,0.0080,0.1279,0.5704,0.0000,0,0.0000,0.0000,0.0000,NORMAL
1778745174.3396,47,15.7,0.2275,0.2186,0.2230,0.0038,0.1194,0.6161,0.0000,0,0.0000,0.0000,0.0000,NORMAL
1778745174.3546,48,62.9,0.2190,0.2097,0.2144,0.0045,0.1276,0.6854,0.0000,0,0.0000,0.0000,0.0000,NORMAL
1778745174.4046,49,20.0,0.2748,0.2774,0.2761,0.0085,0.1160,0.6124,0.0000,0,0.0000,0.0000,0.0000,NORMAL
1778745174.4176,50,77.8,0.2761,0.2817,0.2789,0.0092,0.1168,0.6474,0.0000,0,0.0000,0.0000,0.0000,NORMAL
1778745174.4680,51,20.1,0.2774,0.3082,0.2928,0.0056,0.1052,0.6043,0.0000,0,0.0000,0.0000,0.0000,NORMAL
1778745174.4789,52,92.5,0.2838,0.3099,0.2968,0.0073,0.1045,0.6111,0.0000,0,0.0000,0.0000,0.0000,NORMAL
1778745174.5326,53,18.4,0.2914,0.3225,0.3070,0.0058,0.1041,0.4838,0.0000,0,0.0000,0.0000,0.0000,NORMAL
1778745174.5560,54,42.8,0.3042,0.3052,0.3047,0.0065,0.1043,0.4838,0.0000,0,0.0000,0.0000,0.0000,NORMAL
1778745174.5736,55,56.2,0.3011,0.3086,0.3048,0.0067,0.1043,0.4838,0.0000,0,0.0000,0.0000,0.0000,NORMAL
1778745174.6116,56,24.4,0.2791,0.3011,0.2901,0.0071,0.1001,0.5964,0.0000,0,0.0000,0.0000,0.0000,NORMAL
1778745174.6360,57,47.7,0.2774,0.3158,0.2966,0.0058,0.1007,0.5964,0.0000,0,0.0000,0.0000,0.0000,NORMAL
1778745174.6800,58,22.7,0.2967,0.3005,0.2986,0.0063,0.1034,0.5603,0.0000,0,0.0000,0.0000,0.0000,NORMAL
1778745174.7397,59,16.7,0.2779,0.2982,0.2880,0.0110,0.1114,0.6815,0.0000,0,0.0000,0.0000,0.0000,NORMAL
1778745174.7617,60,44.5,0.2819,0.3018,0.2919,0.0102,0.1108,0.6782,0.0000,0,0.0000,0.0000,0.0000,NORMAL
1778745174.8047,61,22.7,0.2895,0.2892,0.2894,0.0041,0.1362,0.6044,0.0000,0,0.0000,0.0000,0.0000,NORMAL
1778745174.8228,62,62.4,0.2854,0.2895,0.2875,0.0035,0.1362,0.6540,0.0000,0,0.0000,0.0000,0.0000,NORMAL
1778745174.8675,63,22.2,0.3021,0.2985,0.3003,0.0073,0.1208,0.6225,0.0000,0,0.0000,0.0000,0.0000,NORMAL
1778745174.8855,64,56.9,0.3124,0.2908,0.3016,0.0064,0.1207,0.6225,0.0000,0,0.0000,0.0000,0.0000,NORMAL
1778745174.9331,65,20.9,0.2965,0.2834,0.2900,0.0075,0.1105,0.6298,0.0000,0,0.0000,0.0000,0.0000,NORMAL
1778745174.9481,66,61.5,0.2974,0.2835,0.2904,0.0074,0.1104,0.6298,0.0000,0,0.0000,0.0000,0.0000,NORMAL
1778745174.9631,67,63.6,0.2952,0.2845,0.2898,0.0074,0.1104,0.6298,0.0000,0,0.0000,0.0000,0.0000,NORMAL
1778745175.0111,68,20.7,0.2867,0.2941,0.2904,0.0095,0.1075,0.6321,0.0000,0,0.0000,0.0000,0.0000,NORMAL
1778745175.0254,69,71.3,0.2839,0.2875,0.2857,0.0094,0.1075,0.5875,0.0000,0,0.0000,0.0000,0.0000,NORMAL
1778745175.0764,70,20.6,0.2910,0.2894,0.2902,0.0070,0.0957,0.6364,0.0000,0,0.0000,0.0000,0.0000,NORMAL
1778745175.1391,71,15.9,0.3118,0.3014,0.3066,0.0072,0.0967,0.6614,0.0000,0,0.0000,0.0000,0.0000,NORMAL
1778745175.1541,72,65.4,0.3114,0.2991,0.3053,0.0068,0.0967,0.6277,0.0000,0,0.0000,0.0000,0.0000,NORMAL
1778745175.2061,73,19.0,0.2871,0.2885,0.2878,0.0056,0.1021,0.5797,0.0000,0,0.0000,0.0000,0.0000,NORMAL
1778745175.2316,74,40.2,0.2876,0.2811,0.2844,0.0076,0.1023,0.6979,0.0000,0,0.0000,0.0000,0.0000,NORMAL
1778745175.2677,75,26.2,0.2983,0.2822,0.2902,0.0098,0.1127,0.6115,0.0000,0,0.0000,0.0000,0.0000,NORMAL
1778745175.2926,76,44.6,0.2968,0.2789,0.2878,0.0089,0.1127,0.6115,0.0000,0,0.0000,0.0000,0.0000,NORMAL
1778745175.3602,77,14.8,0.3054,0.3011,0.3033,0.0071,0.1110,0.6516,0.0000,0,0.0000,0.0000,0.0000,NORMAL
1778745175.3702,78,95.8,0.3008,0.2841,0.2925,0.0079,0.1110,0.6460,0.0000,0,0.0000,0.0000,0.0000,NORMAL
1778745175.3862,79,56.6,0.3035,0.2878,0.2956,0.0079,0.1110,0.6516,0.0000,0,0.0000,0.0000,0.0000,NORMAL
1778745175.4122,80,41.1,0.2919,0.2822,0.2871,0.0043,0.1095,0.5221,0.0000,0,0.0000,0.0000,0.0000,NORMAL
1778745175.4337,81,47.2,0.2883,0.2810,0.2847,0.0060,0.1027,0.5044,0.0000,0,0.0000,0.0000,0.0000,NORMAL
1778745175.4747,82,23.5,0.2992,0.2815,0.2904,0.0075,0.1077,0.6225,0.0000,0,0.0000,0.0000,0.0000,NORMAL
1778745175.5395,83,15.7,0.3085,0.2719,0.2902,0.0070,0.1010,0.6558,0.0000,0,0.0000,0.0000,0.0000,NORMAL
1778745175.5615,84,46.6,0.3171,0.2742,0.2956,0.0051,0.1199,0.6857,0.0000,0,0.0000,0.0000,0.0000,NORMAL
1778745175.6036,85,23.3,0.3068,0.2779,0.2923,0.0076,0.1077,0.7115,0.0000,0,0.0000,0.0000,0.0000,NORMAL
1778745175.6232,86,53.4,0.3023,0.2809,0.2916,0.0059,0.1097,0.6423,0.0000,0,0.0000,0.0000,0.0000,NORMAL
1778745175.6683,87,21.9,0.2943,0.2807,0.2875,0.0037,0.1067,0.5910,0.0000,0,0.0000,0.0000,0.0000,NORMAL
1778745175.6863,88,55.9,0.2948,0.2691,0.2820,0.0028,0.1067,0.6092,0.0000,0,0.0000,0.0000,0.0000,NORMAL
1778745175.7012,89,63.6,0.2974,0.2726,0.2850,0.0028,0.1067,0.6323,0.0000,0,0.0000,0.0000,0.0000,NORMAL
1778745175.7477,90,21.7,0.3012,0.2595,0.2804,0.0050,0.1098,0.5542,0.0000,0,0.0000,0.0000,0.0000,NORMAL
1778745175.7648,91,60.4,0.2995,0.2677,0.2836,0.0056,0.1098,0.5765,0.0000,0,0.0000,0.0000,0.0000,NORMAL
1778745175.8117,92,21.3,0.3175,0.2714,0.2945,0.0024,0.1003,0.7231,0.0000,0,0.0000,0.0000,0.0000,NORMAL
1778745175.8283,93,62.3,0.3163,0.2753,0.2958,0.0021,0.1003,0.7278,0.0000,0,0.0000,0.0000,0.0000,NORMAL
1778745175.8753,94,21.0,0.3001,0.2647,0.2824,0.0031,0.0956,0.6293,0.0000,0,0.0000,0.0000,0.0000,NORMAL
1778745175.9419,95,15.1,0.2995,0.2710,0.2853,0.0050,0.1230,0.6563,0.0000,0,0.0000,0.0000,0.0000,NORMAL
1778745175.9558,96,69.3,0.2842,0.2765,0.2803,0.0053,0.1230,0.5807,0.0000,0,0.0000,0.0000,0.0000,NORMAL
1778745176.0038,97,20.9,0.2523,0.2373,0.2448,0.0061,0.1292,0.6393,0.0000,0,0.0000,0.0000,0.0000,NORMAL
1778745176.0203,98,61.8,0.2593,0.2405,0.2499,0.0069,0.1341,0.6498,0.0000,0,0.0000,0.0000,0.0000,NORMAL
1778745176.0683,99,20.6,0.2250,0.1851,0.2051,0.0053,0.1253,0.6164,1.0000,1,0.0100,0.0000,0.0000,ALERT
1778745176.0833,100,60.6,0.2232,0.1925,0.2079,0.0068,0.1356,0.6710,1.0000,1,0.0198,0.0150,0.0000,ALERT
1778745176.0993,101,65.1,0.2223,0.1909,0.2066,0.0069,0.1182,0.6873,1.0000,1,0.0294,0.0310,0.0000,ALERT
1778745176.1478,102,21.0,0.2782,0.2355,0.2568,0.0041,0.1304,0.6009,0.0000,0,0.0291,0.0000,0.0000,NORMAL
1778745176.1629,103,68.9,0.2773,0.2415,0.2594,0.0050,0.1294,0.5339,0.0000,0,0.0288,0.0000,0.0000,NORMAL
1778745176.2119,104,20.4,0.2850,0.2772,0.2811,0.0071,0.1294,0.5095,0.0000,0,0.0286,0.0000,0.0000,NORMAL
1778745176.2265,105,69.1,0.2848,0.2847,0.2847,0.0077,0.1294,0.5095,0.0000,0,0.0283,0.0000,0.0000,NORMAL
1778745176.2755,106,20.3,0.3050,0.2830,0.2940,0.0054,0.1295,0.5836,0.0000,0,0.0280,0.0000,0.0000,NORMAL
1778745176.3390,107,15.8,0.2932,0.2905,0.2918,0.0047,0.1188,0.6526,0.0000,0,0.0278,0.0000,0.0000,NORMAL
1778745176.3540,108,65.9,0.2949,0.2922,0.2935,0.0050,0.1186,0.6526,0.0000,0,0.0275,0.0000,0.0000,NORMAL
1778745176.4040,109,19.8,0.3060,0.2939,0.3000,0.0058,0.1214,0.6079,0.0000,0,0.0273,0.0000,0.0000,NORMAL
1778745176.4186,110,73.8,0.3038,0.2963,0.3000,0.0048,0.1168,0.6079,0.0000,0,0.0270,0.0000,0.0000,NORMAL
1778745176.4326,111,70.9,0.3057,0.2962,0.3010,0.0050,0.1168,0.6439,0.0000,0,0.0268,0.0000,0.0000,NORMAL
1778745176.4836,112,19.4,0.2944,0.2888,0.2916,0.0070,0.1192,0.6048,0.0000,0,0.0265,0.0000,0.0000,NORMAL
1778745176.4966,113,72.6,0.2920,0.2867,0.2894,0.0072,0.1230,0.6145,0.0000,0,0.0263,0.0000,0.0000,NORMAL
1778745176.5472,114,20.2,0.2849,0.2817,0.2833,0.0049,0.1186,0.6217,0.0000,0,0.0261,0.0000,0.0000,NORMAL
1778745176.5602,115,72.5,0.2830,0.2869,0.2849,0.0047,0.1183,0.6217,0.0000,0,0.0259,0.0000,0.0000,NORMAL
1778745176.6112,116,19.9,0.2829,0.2887,0.2858,0.0063,0.1060,0.6089,0.0000,0,0.0256,0.0000,0.0000,NORMAL
1778745176.6228,117,79.1,0.2767,0.2913,0.2840,0.0063,0.1060,0.6200,0.0000,0,0.0254,0.0000,0.0000,NORMAL
1778745176.6758,118,19.2,0.2820,0.2943,0.2881,0.0044,0.1186,0.6775,0.0000,0,0.0252,0.0000,0.0000,NORMAL
1778745176.7394,119,15.8,0.2897,0.2934,0.2915,0.0045,0.1153,0.6216,0.0000,0,0.0250,0.0000,0.0000,NORMAL
1778745176.7493,120,101.0,0.2905,0.2907,0.2906,0.0053,0.1221,0.6227,0.0000,0,0.0248,0.0000,0.0000,NORMAL
1778745176.8034,121,18.4,0.3032,0.2973,0.3003,0.0046,0.1166,0.6531,0.0000,0,0.0246,0.0000,0.0000,NORMAL
1778745176.8279,122,37.4,0.3011,0.2947,0.2979,0.0056,0.1166,0.6531,0.0000,0,0.0244,0.0000,0.0000,NORMAL
1778745176.8439,123,54.9,0.3019,0.2954,0.2987,0.0056,0.1166,0.6531,0.0000,0,0.0242,0.0000,0.0000,NORMAL
1778745176.8839,124,26.0,0.2810,0.2930,0.2870,0.0062,0.1300,0.6509,0.0000,0,0.0240,0.0000,0.0000,NORMAL
1778745176.9070,125,47.0,0.2770,0.2968,0.2869,0.0049,0.1299,0.5524,0.0000,0,0.0238,0.0000,0.0000,NORMAL
1778745176.9475,126,24.5,0.2836,0.3019,0.2928,0.0062,0.1206,0.5751,0.0000,0,0.0236,0.0000,0.0000,NORMAL
1778745176.9705,127,43.8,0.2866,0.2958,0.2912,0.0063,0.1188,0.5751,0.0000,0,0.0234,0.0000,0.0000,NORMAL
1778745177.0125,128,23.6,0.2955,0.2958,0.2956,0.0047,0.1225,0.5451,0.0000,0,0.0233,0.0000,0.0000,NORMAL
1778745177.0337,129,51.2,0.2972,0.2931,0.2951,0.0040,0.1225,0.5739,0.0000,0,0.0231,0.0000,0.0000,NORMAL
1778745177.0757,130,22.5,0.3149,0.2907,0.3028,0.0044,0.1147,0.6403,0.0000,0,0.0229,0.0000,0.0000,NORMAL
1778745177.1394,131,16.2,0.2999,0.2985,0.2992,0.0068,0.1082,0.5997,0.0000,0,0.0227,0.0000,0.0000,NORMAL
1778745177.1594,132,51.5,0.3028,0.2936,0.2982,0.0079,0.1082,0.5722,0.0000,0,0.0226,0.0000,0.0000,NORMAL
1778745177.2034,133,22.2,0.2975,0.2982,0.2979,0.0036,0.1162,0.6001,0.0000,0,0.0224,0.0000,0.0000,NORMAL
1778745177.2230,134,52.5,0.3015,0.2996,0.3006,0.0039,0.1162,0.5600,0.0000,0,0.0222,0.0000,0.0000,NORMAL
1778745177.2390,135,61.5,0.2989,0.2995,0.2992,0.0049,0.1246,0.6001,0.0000,0,0.0221,0.0000,0.0000,NORMAL
1778745177.2830,136,22.5,0.3036,0.2901,0.2968,0.0061,0.1092,0.5578,0.0000,0,0.0219,0.0000,0.0000,NORMAL
1778745177.3030,137,52.7,0.3019,0.2901,0.2960,0.0064,0.1092,0.5590,0.0000,0,0.0217,0.0000,0.0000,NORMAL
1778745177.3495,138,20.6,0.2352,0.2102,0.2227,0.0074,0.1281,0.5654,0.0000,0,0.0216,0.0000,0.0000,NORMAL
1778745177.3666,139,67.7,0.2408,0.2046,0.2227,0.0066,0.1250,0.5654,0.0000,0,0.0214,0.0000,0.0000,NORMAL
1778745177.4116,140,21.9,0.2518,0.2268,0.2393,0.0075,0.1169,0.5881,0.0000,0,0.0213,0.0000,0.0000,NORMAL
1778745177.4301,141,53.8,0.2544,0.2266,0.2405,0.0080,0.1169,0.5881,0.0000,0,0.0211,0.0000,0.0000,NORMAL
1778745177.4751,142,22.5,0.2862,0.2497,0.2680,0.0051,0.1147,0.6438,0.0000,0,0.0210,0.0000,0.0000,NORMAL
1778745177.5407,143,15.2,0.2833,0.2606,0.2720,0.0059,0.1048,0.6899,0.0000,0,0.0208,0.0000,0.0000,NORMAL
1778745177.5557,144,67.2,0.2750,0.2631,0.2690,0.0070,0.1050,0.6611,0.0000,0,0.0207,0.0000,0.0000,NORMAL
1778745177.5716,145,61.6,0.2758,0.2644,0.2701,0.0065,0.1050,0.6899,0.0000,0,0.0205,0.0000,0.0000,NORMAL
1778745177.6192,146,21.1,0.2843,0.2888,0.2866,0.0037,0.1114,0.6679,0.0000,0,0.0204,0.0000,0.0000,NORMAL
1778745177.6343,147,64.4,0.2866,0.2812,0.2839,0.0026,0.1114,0.6484,0.0000,0,0.0203,0.0000,0.0000,NORMAL
1778745177.6833,148,20.6,0.2848,0.2816,0.2832,0.0049,0.1008,0.5674,0.0000,0,0.0201,0.0000,0.0000,NORMAL
1778745177.6982,149,60.9,0.2928,0.2736,0.2832,0.0039,0.1111,0.5674,0.0000,0,0.0200,0.0000,0.0000,NORMAL
1778745177.7478,150,20.6,0.2753,0.2861,0.2807,0.0052,0.1235,0.5786,0.0000,0,0.0199,0.0000,0.0000,NORMAL
1778745177.7618,151,69.5,0.2747,0.2814,0.2780,0.0051,0.1235,0.6285,0.0000,0,0.0197,0.0000,0.0000,NORMAL
1778745177.8128,152,19.8,0.2927,0.2797,0.2862,0.0075,0.1099,0.5748,0.0000,0,0.0196,0.0000,0.0000,NORMAL
1778745177.8253,153,78.0,0.2943,0.2794,0.2869,0.0073,0.1183,0.5906,0.0000,0,0.0195,0.0000,0.0000,NORMAL
1778745177.8753,154,20.0,0.2771,0.2942,0.2857,0.0051,0.1110,0.5445,0.0000,0,0.0194,0.0000,0.0000,NORMAL
1778745177.9408,155,14.7,0.2799,0.2875,0.2837,0.0038,0.1135,0.4867,0.0000,0,0.0192,0.0000,0.0000,NORMAL
1778745177.9671,156,41.2,0.2812,0.2837,0.2824,0.0047,0.1135,0.5266,0.0000,0,0.0191,0.0000,0.0000,NORMAL
1778745177.9826,157,58.3,0.2854,0.2814,0.2834,0.0048,0.1135,0.5441,0.0000,0,0.0190,0.0000,0.0000,NORMAL
1778745178.0197,158,29.0,0.2888,0.2905,0.2896,0.0047,0.1121,0.5415,0.0000,0,0.0189,0.0000,0.0000,NORMAL
1778745178.0457,159,35.5,0.2925,0.2812,0.2869,0.0056,0.1122,0.5415,0.0000,0,0.0187,0.0000,0.0000,NORMAL
1778745178.0829,160,29.1,0.2783,0.2858,0.2820,0.0047,0.1244,0.6431,0.0000,0,0.0186,0.0000,0.0000,NORMAL
1778745178.0929,161,72.1,0.2765,0.2921,0.2843,0.0044,0.1359,0.6431,0.0000,0,0.0185,0.0000,0.0000,NORMAL
1778745178.1475,162,19.7,0.2705,0.2946,0.2826,0.0078,0.1197,0.6204,0.0000,0,0.0184,0.0000,0.0000,NORMAL
1778745178.1715,163,37.9,0.2756,0.2904,0.2830,0.0080,0.1197,0.6204,0.0000,0,0.0183,0.0000,0.0000,NORMAL
1778745178.2116,164,26.2,0.2830,0.2898,0.2864,0.0082,0.1149,0.4798,0.0000,0,0.0182,0.0000,0.0000,NORMAL
1778745178.2351,165,42.8,0.2793,0.2914,0.2853,0.0082,0.1172,0.4798,0.0000,0,0.0181,0.0000,0.0000,NORMAL
1778745178.2771,166,23.1,0.2744,0.2801,0.2773,0.0071,0.1389,0.6510,0.0000,0,0.0180,0.0000,0.0000,NORMAL
1778745178.3551,167,13.1,0.2924,0.2846,0.2885,0.0027,0.1451,0.5815,0.0000,0,0.0179,0.0000,0.0000,NORMAL
1778745178.3780,168,41.4,0.2937,0.2685,0.2811,0.0022,0.1451,0.5268,0.0000,0,0.0178,0.0000,0.0000,NORMAL
1778745178.3934,169,63.2,0.2955,0.2688,0.2822,0.0025,0.1451,0.5268,0.0000,0,0.0176,0.0000,0.0000,NORMAL
1778745178.4196,170,37.9,0.3271,0.2482,0.2876,0.0038,0.1364,0.6735,0.0000,0,0.0175,0.0000,0.0000,NORMAL
1778745178.4395,171,55.8,0.3349,0.2584,0.2967,0.0035,0.1362,0.6941,0.0000,0,0.0174,0.0000,0.0000,NORMAL
1778745178.4863,172,21.3,0.2764,0.2656,0.2710,0.0040,0.1579,0.7337,0.0000,0,0.0173,0.0000,0.0000,NORMAL
1778745178.5027,173,60.3,0.2766,0.2658,0.2712,0.0059,0.1579,0.7375,0.0000,0,0.0172,0.0000,0.0000,NORMAL
1778745178.5473,174,22.1,0.2916,0.2672,0.2794,0.0075,0.1238,0.7441,0.0000,0,0.0171,0.0000,0.0000,NORMAL
1778745178.5656,175,51.5,0.2972,0.2725,0.2848,0.0072,0.1238,0.7404,0.0000,0,0.0170,0.0000,0.0000,NORMAL
1778745178.6119,176,21.8,0.2757,0.2869,0.2813,0.0027,0.1564,0.7108,0.0000,0,0.0169,0.0000,0.0000,NORMAL
1778745178.6285,177,63.1,0.2918,0.2828,0.2873,0.0007,0.1564,0.7436,0.0000,0,0.0169,0.0000,0.0000,NORMAL
1778745178.6755,178,21.7,0.3165,0.2766,0.2965,0.0024,0.1323,0.7446,0.0000,0,0.0168,0.0000,0.0000,NORMAL
1778745178.6925,179,56.5,0.3087,0.2850,0.2968,0.0022,0.1321,0.7115,0.0000,0,0.0167,0.0000,0.0000,NORMAL
1778745178.7550,180,16.1,0.3024,0.2747,0.2886,0.0059,0.1461,0.6581,0.0000,0,0.0166,0.0000,0.0000,NORMAL
1778745178.7720,181,59.2,0.2947,0.2810,0.2878,0.0060,0.1459,0.7752,0.0000,0,0.0165,0.0000,0.0000,NORMAL
1778745178.8191,182,21.4,0.3127,0.2727,0.2927,0.0025,0.1551,0.7294,0.0000,0,0.0164,0.0000,0.0000,NORMAL
1778745178.8347,183,62.2,0.3204,0.2732,0.2968,0.0019,0.1551,0.7193,0.0000,0,0.0163,0.0000,0.0000,NORMAL
1778745178.8837,184,20.3,0.3111,0.2632,0.2872,0.0023,0.1386,0.6682,0.0000,0,0.0162,0.0000,0.0000,NORMAL
1778745178.8977,185,72.6,0.3063,0.2679,0.2871,0.0026,0.1438,0.7111,0.0000,0,0.0161,0.0000,0.0000,NORMAL
1778745178.9482,186,19.9,0.3150,0.2553,0.2851,0.0038,0.1491,0.7536,0.0000,0,0.0160,0.0000,0.0000,NORMAL
1778745178.9602,187,68.4,0.3060,0.2547,0.2804,0.0053,0.1569,0.7103,0.0000,0,0.0160,0.0000,0.0000,NORMAL
1778745179.0112,188,20.6,0.2949,0.2620,0.2784,0.0055,0.1345,0.6458,0.0000,0,0.0159,0.0000,0.0000,NORMAL
1778745179.0237,189,76.8,0.2974,0.2643,0.2809,0.0054,0.1319,0.6458,0.0000,0,0.0158,0.0000,0.0000,NORMAL
1778745179.0758,190,19.1,0.3042,0.2847,0.2945,0.0035,0.1353,0.7757,0.0000,0,0.0157,0.0000,0.0000,NORMAL
1778745179.0867,191,96.4,0.3163,0.2807,0.2985,0.0028,0.1409,0.7787,0.0000,0,0.0156,0.0000,0.0000,NORMAL
1778745179.1557,192,14.5,0.3254,0.2782,0.3018,0.0047,0.1278,0.6881,0.0000,0,0.0155,0.0000,0.0000,NORMAL
1778745179.1807,193,40.3,0.3196,0.2715,0.2956,0.0066,0.1237,0.7141,0.0000,0,0.0155,0.0000,0.0000,NORMAL
1778745179.2203,194,24.9,0.3394,0.2856,0.3125,0.0031,0.1327,0.7504,0.0000,0,0.0154,0.0000,0.0000,NORMAL
1778745179.2434,195,43.2,0.3357,0.2888,0.3122,0.0021,0.1328,0.7220,0.0000,0,0.0153,0.0000,0.0000,NORMAL
1778745179.2833,196,25.2,0.3190,0.2895,0.3043,0.0064,0.0942,0.5930,0.0000,0,0.0152,0.0000,0.0000,NORMAL
1778745179.3063,197,43.8,0.3232,0.2909,0.3070,0.0054,0.0942,0.6238,0.0000,0,0.0152,0.0000,0.0000,NORMAL
1778745179.3475,198,24.2,0.3007,0.2793,0.2900,0.0062,0.1226,0.6618,0.0000,0,0.0151,0.0000,0.0000,NORMAL
1778745179.3695,199,44.5,0.3059,0.2958,0.3008,0.0045,0.1226,0.6618,0.0000,0,0.0150,0.0000,0.0000,NORMAL
1778745179.4125,200,23.0,0.2969,0.2693,0.2831,0.0021,0.1057,0.7812,0.0000,0,0.0149,0.0000,0.0000,NORMAL
1778745179.4321,201,53.5,0.2981,0.2696,0.2839,0.0028,0.1057,0.7635,0.0000,0,0.0149,0.0000,0.0000,NORMAL
1778745179.4911,202,16.9,0.3198,0.2775,0.2986,0.0050,0.1137,0.6808,0.0000,0,0.0148,0.0000,0.0000,NORMAL
1778745179.5121,203,48.7,0.3217,0.2756,0.2986,0.0047,0.1137,0.6808,0.0000,0,0.0147,0.0000,0.0000,NORMAL
1778745179.5556,204,22.7,0.2967,0.2685,0.2826,0.1439,0.1091,0.4171,0.0000,0,0.0146,0.0000,0.0000,NORMAL
1778745179.5756,205,51.1,0.2919,0.2717,0.2818,0.1554,0.1091,0.4593,0.0000,0,0.0146,0.0000,0.0000,NORMAL
1778745179.6211,206,21.5,0.2783,0.2689,0.2736,0.1649,0.0982,0.3398,0.0000,0,0.0145,0.0000,0.0000,NORMAL
1778745179.6391,207,58.6,0.2668,0.2637,0.2652,0.1565,0.0982,0.3398,0.0000,0,0.0144,0.0000,0.0000,NORMAL
1778745179.6841,208,21.8,0.2862,0.2591,0.2726,0.1403,0.1177,0.3776,0.0000,0,0.0144,0.0000,0.0000,NORMAL
1778745179.7031,209,52.6,0.2866,0.2563,0.2715,0.1381,0.1177,0.3776,0.0000,0,0.0143,0.0000,0.0000,NORMAL
1778745179.7476,210,22.6,0.2674,0.2969,0.2821,0.1592,0.1262,0.4378,0.0000,0,0.0142,0.0000,0.0000,NORMAL
1778745179.7656,211,57.5,0.2670,0.3009,0.2840,0.1567,0.1262,0.4719,0.0000,0,0.0142,0.0000,0.0000,NORMAL
1778745179.8119,212,21.6,0.2986,0.2640,0.2813,0.1979,0.1204,0.2969,0.0000,0,0.0141,0.0000,0.0000,NORMAL
1778745179.8284,213,58.8,0.2971,0.2720,0.2845,0.2015,0.1164,0.2969,0.0000,0,0.0140,0.0000,0.0000,NORMAL
1778745179.8914,214,15.8,0.2808,0.2917,0.2862,0.0931,0.1195,0.3541,0.0000,0,0.0140,0.0000,0.0000,NORMAL
1778745179.9064,215,68.6,0.2748,0.2932,0.2840,0.0574,0.1135,0.4451,0.0000,0,0.0139,0.0000,0.0000,NORMAL
1778745179.9560,216,20.2,0.2793,0.2754,0.2773,0.0188,0.1175,0.5254,0.0000,0,0.0138,0.0000,0.0000,NORMAL
1778745179.9709,217,67.8,0.2822,0.2876,0.2849,0.0145,0.1228,0.4618,0.0000,0,0.0138,0.0000,0.0000,NORMAL
1778745180.0199,218,20.0,0.2804,0.2660,0.2732,0.0042,0.1451,0.4944,0.0000,0,0.0137,0.0000,0.0000,NORMAL
1778745180.0345,219,73.0,0.2776,0.2809,0.2793,0.0060,0.1382,0.4268,0.0000,0,0.0136,0.0000,0.0000,NORMAL
1778745180.0845,220,19.5,0.2859,0.2957,0.2908,0.0279,0.1407,0.4170,0.0000,0,0.0136,0.0000,0.0000,NORMAL
1778745180.0975,221,77.6,0.2878,0.2924,0.2901,0.0539,0.1374,0.4290,0.0000,0,0.0135,0.0000,0.0000,NORMAL
1778745180.1470,222,20.5,0.2945,0.2777,0.2861,0.2145,0.1259,0.3424,0.0000,0,0.0135,0.0000,0.0000,NORMAL
1778745180.1610,223,74.7,0.3017,0.2709,0.2863,0.2246,0.1010,0.4141,0.0000,0,0.0134,0.0000,0.0000,NORMAL
1778745180.2110,224,20.0,0.2943,0.2762,0.2853,0.2899,0.1364,0.6004,0.0000,0,0.0133,0.0000,0.0000,NORMAL
1778745180.2245,225,72.8,0.2954,0.2743,0.2849,0.3192,0.1487,0.5446,0.0000,0,0.0133,0.0000,0.0000,NORMAL
1778745180.2915,226,14.9,0.2804,0.2684,0.2744,0.3940,0.1262,0.6597,0.0000,0,0.0132,0.0000,0.0000,NORMAL
1778745180.3045,227,72.1,0.2745,0.2732,0.2738,0.3781,0.1262,0.6936,0.0000,0,0.0132,0.0000,0.0000,NORMAL
1778745180.3551,228,20.2,0.2934,0.2932,0.2933,0.3121,0.1076,0.7958,0.0000,0,0.0131,0.0000,0.0000,NORMAL
1778745180.3681,229,76.3,0.2913,0.2989,0.2951,0.2939,0.1076,0.7958,0.0000,0,0.0130,0.0000,0.0000,NORMAL
1778745180.4191,230,19.6,0.2771,0.2898,0.2834,0.0330,0.1188,0.8429,0.0000,0,0.0130,0.0000,0.0000,NORMAL
1778745180.4317,231,71.9,0.2790,0.2752,0.2771,0.0144,0.1188,0.8737,0.0000,0,0.0129,0.0000,0.0000,NORMAL
1778745180.4837,232,19.3,0.3008,0.2704,0.2856,0.0089,0.1333,0.7927,0.0000,0,0.0129,0.0000,0.0000,NORMAL
1778745180.5097,233,39.5,0.2973,0.2688,0.2830,0.0105,0.1335,0.7599,0.0000,0,0.0128,0.0000,0.0000,NORMAL
1778745180.5482,234,25.9,0.3062,0.3058,0.3060,0.0072,0.1368,0.7538,0.0000,0,0.0128,0.0000,0.0000,NORMAL
1778745180.5732,235,37.8,0.3035,0.2963,0.2999,0.0197,0.1368,0.7928,0.0000,0,0.0127,0.0000,0.0000,NORMAL
1778745180.6268,236,19.5,0.2710,0.3150,0.2930,0.0557,0.1244,0.8589,0.0000,0,0.0127,0.0000,0.0000,NORMAL
1778745180.6508,237,40.6,0.2827,0.3034,0.2930,0.0054,0.1311,0.8554,0.0000,0,0.0126,0.0000,0.0000,NORMAL
1778745180.6918,238,23.9,0.2851,0.2962,0.2907,0.0302,0.1284,0.8529,0.0000,0,0.0126,0.0000,0.0000,NORMAL
1778745180.7148,239,42.0,0.2818,0.2920,0.2869,0.0029,0.1294,0.8553,0.0000,0,0.0125,0.0000,0.0000,NORMAL
1778745180.7553,240,24.5,0.2881,0.3086,0.2983,0.2030,0.1379,0.8907,0.0000,0,0.0124,0.0000,0.0000,NORMAL
1778745180.7783,241,47.8,0.2969,0.3097,0.3033,0.2013,0.1379,0.8701,0.0000,0,0.0124,0.0000,0.0000,NORMAL
1778745180.8203,242,23.9,0.2869,0.2933,0.2901,0.3216,0.1248,0.8770,0.0000,0,0.0123,0.0000,0.0000,NORMAL
1778745180.8418,243,45.2,0.2900,0.2905,0.2902,0.3109,0.1348,0.8749,0.0000,0,0.0123,0.0000,0.0000,NORMAL
1778745180.8838,244,23.9,0.2825,0.2806,0.2815,0.3238,0.1307,0.9185,0.0000,0,0.0122,0.0000,0.0000,NORMAL
1778745180.9058,245,46.3,0.2828,0.2773,0.2801,0.3401,0.1307,0.9121,0.0000,0,0.0122,0.0000,0.0000,NORMAL
1778745180.9473,246,24.0,0.2822,0.3061,0.2942,0.4032,0.1356,0.8811,0.0000,0,0.0121,0.0000,0.0000,NORMAL
1778745180.9674,247,51.0,0.2913,0.2773,0.2843,0.4195,0.1356,0.8811,0.0000,0,0.0121,0.0000,0.0000,NORMAL
1778745181.0279,248,16.3,0.2882,0.2992,0.2937,0.2835,0.1379,0.9188,0.0000,0,0.0120,0.0000,0.0000,NORMAL
1778745181.0459,249,57.9,0.2915,0.2884,0.2900,0.2666,0.1379,0.9188,0.0000,0,0.0120,0.0000,0.0000,NORMAL
1778745181.0919,250,21.8,0.2776,0.2958,0.2867,0.4499,0.1133,0.8742,0.0000,0,0.0120,0.0000,0.0000,NORMAL
1778745181.1099,251,55.2,0.2764,0.2888,0.2826,0.4984,0.1140,0.8659,0.0000,0,0.0119,0.0000,0.0000,NORMAL
1778745181.1554,252,22.1,0.2763,0.2822,0.2792,0.6327,0.1167,0.9026,0.0000,0,0.0119,0.0000,0.0000,NORMAL
1778745181.1724,253,56.1,0.2750,0.2748,0.2749,0.6470,0.1167,0.9028,0.0000,0,0.0118,0.0000,0.0000,NORMAL
1778745181.2194,254,21.1,0.2881,0.2723,0.2802,0.7645,0.1077,0.9074,0.0000,0,0.0118,0.0000,0.0000,NORMAL
1778745181.2359,255,65.1,0.2908,0.2767,0.2837,0.7315,0.0962,0.9217,0.0000,0,0.0117,0.0000,0.0165,NORMAL
1778745181.2839,256,20.5,0.2810,0.2830,0.2820,0.8410,0.1082,0.9123,0.0000,0,0.0117,0.0000,0.0645,NORMAL
1778745181.2999,257,62.2,0.2848,0.2824,0.2836,0.8476,0.1082,0.9200,0.0000,0,0.0116,0.0000,0.0805,NORMAL
1778745181.3484,258,20.9,0.2799,0.2778,0.2789,0.8387,0.1086,0.9240,0.0000,0,0.0116,0.0000,0.1290,NORMAL
1778745181.3634,259,66.5,0.2785,0.2822,0.2804,0.8168,0.1086,0.9199,0.0000,0,0.0115,0.0000,0.1440,NORMAL
1778745181.4270,260,15.7,0.2818,0.2806,0.2812,0.8481,0.1136,0.9228,0.0000,0,0.0115,0.0000,0.2076,NORMAL
1778745181.4440,261,59.4,0.2804,0.2820,0.2812,0.8377,0.1229,0.9228,0.0000,0,0.0115,0.0000,0.2246,NORMAL
1778745181.4930,262,20.2,0.2961,0.2820,0.2890,0.8804,0.1249,0.9141,0.0000,0,0.0114,0.0000,0.2737,NORMAL
1778745181.5050,263,79.8,0.2970,0.2761,0.2866,0.8644,0.1249,0.9125,0.0000,0,0.0114,0.0000,0.2856,NORMAL
1778745181.5555,264,20.2,0.2780,0.2871,0.2826,0.8964,0.0996,0.9018,0.0000,0,0.0113,0.0000,0.3361,NORMAL
1778745181.5685,265,73.8,0.2732,0.2805,0.2768,0.8896,0.0996,0.8872,0.0000,0,0.0113,0.0000,0.3491,NORMAL
1778745181.6195,266,19.7,0.2854,0.2836,0.2845,0.9280,0.1021,0.9072,0.0000,0,0.0112,0.0000,0.4001,NORMAL
1778745181.6321,267,76.0,0.2859,0.2785,0.2822,0.9034,0.1021,0.9131,0.0000,0,0.0112,0.0000,0.4127,NORMAL
1778745181.6841,268,19.5,0.2765,0.2729,0.2747,0.8914,0.1116,0.9051,0.0000,0,0.0112,0.0000,0.4647,NORMAL
1778745181.6981,269,59.6,0.2710,0.2792,0.2751,0.9089,0.1131,0.9002,0.0000,0,0.0111,0.0000,0.4787,NORMAL
1778745181.7636,270,15.9,0.2949,0.2793,0.2871,0.9312,0.1181,0.9126,0.0000,0,0.0111,0.0000,0.5442,NORMAL
1778745181.7756,271,80.1,0.2877,0.2854,0.2865,0.9240,0.1181,0.9179,0.0000,0,0.0110,0.0000,0.5562,NORMAL
1778745181.8281,272,19.1,0.2769,0.2885,0.2827,0.9200,0.1137,0.9099,0.0000,0,0.0110,0.0000,0.6087,NORMAL
1778745181.8531,273,39.6,0.2806,0.2725,0.2766,0.9442,0.1137,0.9158,0.0000,0,0.0109,0.0000,0.6337,NORMAL
1778745181.8911,274,26.7,0.2832,0.2910,0.2871,0.9684,0.0987,0.9120,0.0000,0,0.0109,0.0000,0.6717,NORMAL
1778745181.9171,275,36.4,0.2683,0.2836,0.2760,0.9074,0.1057,0.9061,0.0000,0,0.0109,0.0000,0.6977,NORMAL
1778745181.9576,276,25.7,0.2778,0.2869,0.2823,0.9410,0.1143,0.9046,0.0000,0,0.0108,0.0000,0.7382,NORMAL
1778745181.9796,277,42.8,0.2689,0.2862,0.2775,0.9920,0.1089,0.9031,0.0000,0,0.0108,0.0000,0.7602,NORMAL
1778745182.0196,278,25.2,0.2707,0.2943,0.2825,0.9845,0.1128,0.9105,0.0000,0,0.0108,0.0000,0.8002,NORMAL
1778745182.0431,279,41.0,0.2701,0.2976,0.2838,1.0107,0.1129,0.9162,0.0000,0,0.0107,0.0000,0.8237,NORMAL
1778745182.0851,280,22.6,0.2673,0.2972,0.2822,1.0607,0.1134,0.9146,0.0000,0,0.0107,0.0000,0.8657,NORMAL
1778745182.1061,281,55.9,0.2657,0.2901,0.2779,1.0319,0.1164,0.9130,0.0000,0,0.0106,0.0000,0.8867,NORMAL
1778745182.1638,282,17.1,0.2519,0.2932,0.2725,1.0569,0.1172,0.9164,0.0000,0,0.0106,0.0000,0.9445,NORMAL
1778745182.1843,283,45.7,0.2527,0.2872,0.2699,1.0503,0.1262,0.9164,0.0000,0,0.0106,0.0000,0.9650,NORMAL
1778745182.2274,284,23.2,0.2258,0.1771,0.2015,1.1051,0.1160,0.9041,1.0000,1,0.0140,0.0000,1.0080,ALERT
1778745182.2471,285,54.8,0.2205,0.1401,0.1803,1.1022,0.1453,0.9065,1.0000,1,0.0175,0.0198,1.0278,ALERT
1778745182.2918,286,22.1,0.2237,0.2269,0.2253,1.1829,0.1050,0.9055,0.0000,0,0.0174,0.0000,1.0725,NORMAL
1778745182.3038,287,73.1,0.2155,0.2226,0.2190,1.2697,0.1164,0.9120,0.0000,0,0.0174,0.0000,1.0844,NORMAL
1778745182.3551,288,20.5,0.2466,0.2757,0.2611,1.1799,0.1300,0.9149,0.0000,0,0.0173,0.0000,1.1358,NORMAL
1778745182.3701,289,63.6,0.2417,0.2498,0.2458,1.2281,0.1299,0.9121,0.0000,0,0.0172,0.0000,1.1508,NORMAL
1778745182.4221,290,19.9,0.2749,0.2760,0.2754,1.2466,0.1269,0.8986,0.0000,0,0.0172,0.0000,1.2028,NORMAL
1778745182.4337,291,74.9,0.2725,0.2634,0.2680,1.2073,0.1318,0.8986,0.0000,0,0.0171,0.0000,1.2143,NORMAL
1778745182.4987,292,15.9,0.2541,0.2693,0.2617,1.1904,0.1172,0.9108,0.0000,0,0.0171,0.0000,1.2793,NORMAL
1778745182.5127,293,60.7,0.2567,0.2559,0.2563,1.2069,0.1048,0.9019,0.0000,0,0.0170,0.0000,1.2933,NORMAL
1778745182.5642,294,20.2,0.2711,0.2797,0.2754,1.1429,0.1078,0.9246,0.0000,0,0.0169,0.0000,1.3448,NORMAL
1778745182.5762,295,74.1,0.2620,0.2497,0.2558,1.1292,0.1222,0.9316,0.0000,0,0.0169,0.0000,1.3568,NORMAL
1778745182.6307,296,18.6,0.2701,0.2745,0.2723,1.2075,0.1200,0.9197,0.0000,0,0.0168,0.0000,1.4113,NORMAL
1778745182.6537,297,44.5,0.2698,0.2725,0.2711,1.1322,0.1200,0.9181,0.0000,0,0.0168,0.0000,1.4343,NORMAL
1778745182.6911,298,27.2,0.2556,0.2756,0.2656,1.1706,0.1146,0.9160,0.0000,0,0.0167,0.0000,1.4718,NORMAL
1778745182.7164,299,39.2,0.2550,0.2732,0.2641,1.1818,0.1145,0.9268,0.0000,0,0.0167,0.0000,1.4971,NORMAL
1778745182.7550,300,25.5,0.2384,0.2616,0.2500,1.1114,0.1173,0.9137,0.0000,0,0.0166,0.0000,1.5356,YAWN
1778745182.7795,301,39.3,0.2450,0.2608,0.2529,1.1474,0.1173,0.9244,0.0000,0,0.0166,0.0000,1.5601,YAWN
1778745182.8198,302,24.5,0.2484,0.2597,0.2541,1.1376,0.1180,0.9376,0.0000,0,0.0165,0.0000,1.6004,YAWN
1778745182.8423,303,44.8,0.2545,0.2600,0.2572,1.2006,0.1180,0.9273,0.0000,0,0.0164,0.0000,1.6229,YAWN
1778745182.9004,304,17.4,0.2264,0.2641,0.2453,1.1243,0.1215,0.9324,0.0000,0,0.0164,0.0000,1.6810,YAWN
1778745182.9216,305,46.8,0.2280,0.2652,0.2466,1.1766,0.1215,0.9343,0.0000,0,0.0163,0.0000,1.7022,YAWN
1778745182.9631,306,25.0,0.2511,0.2625,0.2568,1.1362,0.1067,0.9200,0.0000,0,0.0163,0.0000,1.7438,YAWN
1778745182.9851,307,44.0,0.2498,0.2649,0.2573,1.1353,0.1067,0.9318,0.0000,0,0.0162,0.0000,1.7658,YAWN
1778745183.0276,308,23.8,0.2568,0.2587,0.2577,1.1766,0.1244,0.9177,0.0000,0,0.0162,0.0000,1.8083,YAWN
1778745183.0476,309,50.8,0.2526,0.2589,0.2558,1.1913,0.1255,0.9221,0.0000,0,0.0161,0.0000,1.8283,YAWN
1778745183.0926,310,22.2,0.2559,0.2583,0.2571,1.1793,0.1134,0.9313,0.0000,0,0.0161,0.0000,1.8733,YAWN
1778745183.1107,311,56.4,0.2550,0.2612,0.2581,1.1701,0.1057,0.9313,0.0000,0,0.0160,0.0000,1.8913,YAWN
1778745183.1552,312,21.6,0.2587,0.2807,0.2697,1.1837,0.1214,0.9107,0.0000,0,0.0160,0.0000,1.9358,YAWN
1778745183.1742,313,57.9,0.2582,0.2791,0.2687,1.2000,0.1214,0.9140,0.0000,0,0.0159,0.0000,1.9548,YAWN
1778745183.2192,314,22.2,0.2421,0.2642,0.2532,0.9690,0.1208,0.9323,0.0000,0,0.0159,0.0000,1.9998,YAWN
1778745183.2377,315,41.9,0.2495,0.2854,0.2675,0.8912,0.1207,0.9381,0.0000,0,0.0158,0.0000,2.0183,YAWN
1778745183.2997,316,17.6,0.2673,0.2674,0.2673,0.7115,0.1286,0.7745,0.0000,0,0.0158,0.0000,2.0803,YAWN
1778745183.3167,317,59.5,0.2702,0.2769,0.2735,0.6980,0.1210,0.7728,0.0000,0,0.0157,0.0000,2.0973,YAWN
1778745183.3632,318,21.6,0.2501,0.2699,0.2600,0.2594,0.1166,0.4369,0.0000,0,0.0157,0.0000,0.0000,YAWN
1778745183.3782,319,63.3,0.2436,0.2455,0.2446,0.2473,0.1280,0.3794,0.0000,0,0.0156,0.0000,0.0000,YAWN
1778745183.4277,320,17.0,0.2660,0.2707,0.2684,0.0166,0.1185,0.5644,0.0000,0,0.0156,0.0000,0.0000,YAWN
1778745183.4573,321,50.7,0.2643,0.2480,0.2561,0.0019,0.1132,0.5042,0.0000,0,0.0155,0.0000,0.0000,YAWN
1778745183.4913,322,29.4,0.2730,0.2733,0.2732,0.0032,0.1190,0.3572,0.0000,0,0.0155,0.0000,0.0000,YAWN
1778745183.5053,323,72.6,0.2680,0.2814,0.2747,0.0040,0.1243,0.3944,0.0000,0,0.0154,0.0000,0.0000,YAWN
1778745183.5569,324,18.9,0.2594,0.2907,0.2750,0.0018,0.1143,0.3654,0.0000,0,0.0154,0.0000,0.0000,YAWN
1778745183.5688,325,89.9,0.2594,0.2925,0.2760,0.0015,0.1143,0.4457,0.0000,0,0.0153,0.0000,0.0000,YAWN
1778745183.6364,326,14.8,0.2613,0.2845,0.2729,0.0092,0.1143,0.5403,0.0000,0,0.0153,0.0000,0.0000,YAWN
1778745183.6485,327,85.0,0.2701,0.2911,0.2806,0.0073,0.1143,0.5403,0.0000,0,0.0152,0.0000,0.0000,YAWN
1778745183.6995,328,19.7,0.2557,0.2689,0.2623,0.0024,0.1214,0.5239,0.0000,0,0.0152,0.0000,0.0000,YAWN
1778745183.7124,329,78.5,0.2626,0.2639,0.2633,0.0005,0.1197,0.4911,0.0000,0,0.0152,0.0000,0.0000,YAWN
1778745183.7640,330,19.3,0.2785,0.2686,0.2736,0.0046,0.1040,0.4207,0.0000,0,0.0151,0.0000,0.0000,YAWN
1778745183.7760,331,84.4,0.2752,0.2675,0.2713,0.0067,0.1040,0.3870,0.0000,0,0.0151,0.0000,0.0000,YAWN
1778745183.8285,332,19.0,0.2683,0.2685,0.2684,0.0051,0.1239,0.3789,0.0000,0,0.0150,0.0000,0.0000,YAWN
1778745183.8395,333,86.7,0.2710,0.2697,0.2704,0.0051,0.1239,0.4120,0.0000,0,0.0150,0.0000,0.0000,YAWN
1778745183.8915,334,19.5,0.2651,0.2754,0.2702,0.0059,0.1159,0.3861,0.0000,0,0.0149,0.0000,0.0000,YAWN
1778745183.9025,335,89.1,0.2578,0.2676,0.2627,0.0042,0.1187,0.3919,0.0000,0,0.0149,0.0000,0.0000,YAWN
1778745183.9560,336,18.7,0.2631,0.2667,0.2649,0.0027,0.1234,0.4506,0.0000,0,0.0148,0.0000,0.0000,YAWN
1778745183.9790,337,43.5,0.2631,0.2681,0.2656,0.0038,0.1234,0.3681,0.0000,0,0.0148,0.0000,0.0000,YAWN
1778745184.0357,338,17.7,0.2592,0.2666,0.2629,0.0063,0.1135,0.3609,0.0000,0,0.0147,0.0000,0.0000,YAWN
1778745184.0577,339,45.0,0.2594,0.2687,0.2641,0.0048,0.1135,0.3609,0.0000,0,0.0147,0.0000,0.0000,YAWN
1778745184.0987,340,24.5,0.2732,0.2700,0.2716,0.0060,0.1175,0.3525,0.0000,0,0.0147,0.0000,0.0000,YAWN
1778745184.1217,341,43.4,0.2671,0.2624,0.2647,0.0081,0.1175,0.3525,0.0000,0,0.0146,0.0000,0.0000,YAWN
1778745184.1633,342,24.0,0.2536,0.2729,0.2633,0.0081,0.1173,0.3681,0.0000,0,0.0146,0.0000,0.0000,YAWN
1778745184.1853,343,45.4,0.2570,0.2723,0.2646,0.0069,0.1173,0.3681,0.0000,0,0.0145,0.0000,0.0000,YAWN
1778745184.2275,344,23.4,0.2676,0.2677,0.2676,0.0053,0.1151,0.4323,0.0000,0,0.0145,0.0000,0.0000,YAWN
1778745184.2484,345,48.6,0.2644,0.2782,0.2713,0.0055,0.1180,0.4323,0.0000,0,0.0145,0.0000,0.0000,YAWN
1778745184.2904,346,23.4,0.2695,0.2767,0.2731,0.0070,0.1112,0.4165,0.0000,0,0.0144,0.0000,0.0000,YAWN
1778745184.3119,347,48.8,0.2737,0.2671,0.2704,0.0076,0.1112,0.4054,0.0000,0,0.0144,0.0000,0.0000,YAWN
1778745184.3544,348,23.5,0.2915,0.2646,0.2781,0.0082,0.1136,0.2744,0.0000,0,0.0143,0.0000,0.0000,YAWN
1778745184.3744,349,49.4,0.2928,0.2650,0.2789,0.0089,0.1136,0.3249,0.0000,0,0.0143,0.0000,0.0000,YAWN
1778745184.4360,350,16.1,0.2596,0.2780,0.2688,0.0067,0.1361,0.5091,0.0000,0,0.0142,0.0000,0.0000,YAWN
1778745184.4540,351,58.7,0.2576,0.2763,0.2670,0.0062,0.1341,0.4221,0.0000,0,0.0142,0.0000,0.0000,YAWN
1778745184.4990,352,22.2,0.2753,0.2848,0.2800,0.0080,0.1085,0.3038,0.0000,0,0.0142,0.0000,0.0000,YAWN
1778745184.5170,353,56.1,0.2722,0.2831,0.2776,0.0083,0.1085,0.3837,0.0000,0,0.0141,0.0000,0.0000,YAWN
1778745184.5626,354,21.7,0.2669,0.2791,0.2730,0.0047,0.0973,0.4882,0.0000,0,0.0141,0.0000,0.0000,YAWN
1778745184.5801,355,58.0,0.2691,0.2794,0.2743,0.0058,0.0974,0.4882,0.0000,0,0.0140,0.0000,0.0000,YAWN
1778745184.6277,356,21.1,0.2523,0.2693,0.2608,0.0062,0.1131,0.3424,0.0000,0,0.0140,0.0000,0.0000,YAWN
1778745184.6437,357,62.5,0.2526,0.2769,0.2647,0.0066,0.1131,0.3424,0.0000,0,0.0140,0.0000,0.0000,YAWN
1778745184.6917,358,20.8,0.2660,0.2748,0.2704,0.0069,0.1142,0.3589,0.0000,0,0.0139,0.0000,0.0000,YAWN
1778745184.7077,359,61.8,0.2666,0.2761,0.2714,0.0067,0.1142,0.3589,0.0000,0,0.0139,0.0000,0.0000,YAWN
1778745184.7723,360,15.5,0.2707,0.2725,0.2716,0.0033,0.1238,0.3360,0.0000,0,0.0139,0.0000,0.0000,YAWN
1778745184.7873,361,60.6,0.2729,0.2722,0.2725,0.0035,0.1238,0.2889,0.0000,0,0.0138,0.0000,0.0000,YAWN
1778745184.8348,362,21.6,0.2835,0.2601,0.2718,0.0091,0.1207,0.3604,0.0000,0,0.0138,0.0000,0.0000,YAWN
1778745184.8508,363,61.2,0.2778,0.2597,0.2688,0.0086,0.1113,0.3651,0.0000,0,0.0137,0.0000,0.0000,YAWN
1778745184.8998,364,19.2,0.2460,0.2228,0.2344,0.0080,0.1067,0.3049,0.0000,0,0.0137,0.0000,0.0000,YAWN
1778745184.9310,365,30.7,0.2427,0.2279,0.2353,0.0083,0.1067,0.3224,0.0000,0,0.0137,0.0000,0.0000,YAWN
1778745184.9657,366,30.2,0.2088,0.0698,0.1393,0.0072,0.1377,0.3460,1.0000,1,0.0163,0.0000,0.0000,YAWN
1778745184.9933,367,39.7,0.2078,0.0665,0.1372,0.0082,0.1377,0.4466,1.0000,1,0.0190,0.0276,0.0000,YAWN
1778745185.0268,368,30.3,0.2097,0.1259,0.1678,0.0059,0.1335,0.3938,1.0000,1,0.0217,0.0611,0.0000,YAWN
1778745185.0388,369,78.9,0.2050,0.1120,0.1585,0.0052,0.1422,0.3408,1.0000,1,0.0243,0.0731,0.0000,YAWN
1778745185.0904,370,19.5,0.2563,0.2267,0.2415,0.0091,0.1033,0.3234,0.0000,0,0.0243,0.0000,0.0000,YAWN
1778745185.1160,371,39.7,0.2469,0.2348,0.2408,0.0126,0.1200,0.2843,0.0000,0,0.0242,0.0000,0.0000,YAWN
1778745185.1720,372,17.4,0.2649,0.2656,0.2652,0.0098,0.1050,0.3385,0.0000,0,0.0241,0.0000,0.0000,YAWN
1778745185.1940,373,49.9,0.2705,0.2711,0.2708,0.0090,0.1051,0.4100,0.0000,0,0.0241,0.0000,0.0000,YAWN
1778745185.2350,374,23.7,0.2567,0.2668,0.2618,0.0059,0.1128,0.3269,0.0000,0,0.0240,0.0000,0.0000,YAWN
1778745185.2572,375,42.9,0.2576,0.2685,0.2631,0.0066,0.1128,0.3269,0.0000,0,0.0239,0.0000,0.0000,YAWN
1778745185.2987,376,25.0,0.2697,0.2565,0.2631,0.0063,0.1211,0.4367,0.0000,0,0.0239,0.0000,0.0000,YAWN
1778745185.3196,377,46.2,0.2686,0.2530,0.2608,0.0062,0.1211,0.3772,0.0000,0,0.0238,0.0000,0.0000,YAWN
1778745185.3635,378,22.7,0.2515,0.2563,0.2539,0.0068,0.1087,0.3911,0.0000,0,0.0237,0.0000,0.0000,YAWN
1778745185.3819,379,57.8,0.2527,0.2601,0.2564,0.0052,0.1087,0.4011,0.0000,0,0.0237,0.0000,0.0000,YAWN
1778745185.4279,380,22.0,0.2623,0.2803,0.2713,0.0088,0.1143,0.3155,0.0000,0,0.0236,0.0000,0.0000,YAWN
1778745185.4453,381,56.6,0.2646,0.2728,0.2687,0.0086,0.1142,0.3155,0.0000,0,0.0236,0.0000,0.0000,YAWN
1778745185.4913,382,21.9,0.2772,0.2640,0.2706,0.0048,0.1301,0.3609,0.0000,0,0.0235,0.0000,0.0000,YAWN
1778745185.5093,383,55.6,0.2758,0.2618,0.2688,0.0045,0.1301,0.3609,0.0000,0,0.0234,0.0000,0.0000,YAWN
1778745185.5708,384,16.2,0.2775,0.2603,0.2689,0.0084,0.1354,0.3318,0.0000,0,0.0234,0.0000,0.0000,YAWN
1778745185.5858,385,61.8,0.2739,0.2598,0.2669,0.0089,0.1354,0.3318,0.0000,0,0.0233,0.0000,0.0000,YAWN
1778745185.6361,386,20.3,0.2203,0.1914,0.2058,0.0072,0.1152,0.3513,1.0000,1,0.0258,0.0000,0.0000,YAWN
1778745185.6521,387,61.0,0.2164,0.1890,0.2027,0.0037,0.1162,0.3404,1.0000,1,0.0284,0.0159,0.0000,YAWN
1778745185.6990,388,20.9,0.2047,0.1216,0.1631,0.0053,0.1162,0.4086,1.0000,1,0.0308,0.0628,0.0000,YAWN
1778745185.7140,389,72.1,0.2067,0.1197,0.1632,0.0062,0.1195,0.4086,1.0000,1,0.0333,0.0778,0.0000,YAWN
1778745185.7630,390,20.4,0.2308,0.2110,0.2209,0.0068,0.1457,0.3234,0.0000,0,0.0332,0.0000,0.0000,YAWN
1778745185.7760,391,70.8,0.2286,0.2146,0.2216,0.0080,0.1457,0.3234,0.0000,0,0.0332,0.0000,0.0000,YAWN
1778745185.8281,392,20.2,0.2587,0.2419,0.2503,0.0057,0.1210,0.4350,0.0000,0,0.0331,0.0000,0.0000,NORMAL
1778745185.8395,393,82.2,0.2546,0.2339,0.2443,0.0063,0.1056,0.4350,0.0000,0,0.0330,0.0000,0.0000,NORMAL
1778745185.9065,394,15.1,0.2568,0.2369,0.2469,0.0064,0.1341,0.4080,0.0000,0,0.0329,0.0000,0.0000,NORMAL
1778745185.9320,395,36.4,0.2606,0.2349,0.2477,0.0065,0.1341,0.3875,0.0000,0,0.0328,0.0000,0.0000,NORMAL
1778745185.9710,396,25.7,0.2600,0.2392,0.2496,0.0075,0.1108,0.3788,0.0000,0,0.0327,0.0000,0.0000,NORMAL
1778745185.9951,397,40.8,0.2622,0.2419,0.2521,0.0069,0.1108,0.4056,0.0000,0,0.0327,0.0000,0.0000,NORMAL
1778745186.0355,398,24.2,0.2461,0.2566,0.2513,0.0086,0.1226,0.3752,0.0000,0,0.0326,0.0000,0.0000,NORMAL
1778745186.0578,399,48.6,0.2447,0.2560,0.2504,0.0084,0.1226,0.3426,0.0000,0,0.0325,0.0000,0.0000,NORMAL
1778745186.0997,400,24.4,0.2529,0.2354,0.2441,0.0074,0.1140,0.4829,0.0000,0,0.0324,0.0000,0.0000,NORMAL
1778745186.1187,401,50.6,0.2526,0.2397,0.2461,0.0074,0.1140,0.4868,0.0000,0,0.0323,0.0000,0.0000,NORMAL
1778745186.1624,402,22.9,0.2625,0.2302,0.2463,0.0098,0.1277,0.3611,0.0000,0,0.0323,0.0000,0.0000,NORMAL
1778745186.1820,403,52.6,0.2604,0.2286,0.2445,0.0114,0.1289,0.3942,0.0000,0,0.0322,0.0000,0.0000,NORMAL
1778745186.2276,404,22.3,0.2612,0.2375,0.2493,0.0106,0.1335,0.4121,0.0000,0,0.0321,0.0000,0.0000,NORMAL
1778745186.2449,405,58.3,0.2552,0.2249,0.2400,0.0093,0.1337,0.4121,0.0000,0,0.0320,0.0000,0.0000,NORMAL
1778745186.3075,406,15.9,0.2603,0.2354,0.2479,0.0096,0.1298,0.3652,0.0000,0,0.0319,0.0000,0.0000,NORMAL
1778745186.3215,407,68.3,0.2599,0.2327,0.2463,0.0090,0.1298,0.4595,0.0000,0,0.0319,0.0000,0.0000,NORMAL
1778745186.3716,408,20.2,0.2597,0.2244,0.2420,0.0074,0.1317,0.4082,0.0000,0,0.0318,0.0000,0.0000,NORMAL
1778745186.3846,409,75.3,0.2585,0.2258,0.2422,0.0074,0.1248,0.5149,0.0000,0,0.0317,0.0000,0.0000,NORMAL
1778745186.4360,410,19.1,0.2557,0.2270,0.2413,0.0072,0.1287,0.3537,0.0000,0,0.0316,0.0000,0.0000,NORMAL
1778745186.4630,411,39.2,0.2543,0.2251,0.2397,0.0084,0.1287,0.3284,0.0000,0,0.0316,0.0000,0.0000,NORMAL
1778745186.4989,412,26.3,0.2270,0.2197,0.2233,0.0094,0.1229,0.3528,0.0000,0,0.0315,0.0000,0.0000,NORMAL
1778745186.5107,413,96.8,0.2295,0.2164,0.2230,0.0095,0.1204,0.3149,0.0000,0,0.0314,0.0000,0.0000,NORMAL
1778745186.5632,414,18.6,0.1997,0.0890,0.1444,0.0072,0.1018,0.3258,1.0000,1,0.0337,0.0000,0.0000,ALERT
1778745186.5742,415,79.2,0.2078,0.0854,0.1466,0.0081,0.1226,0.3303,1.0000,1,0.0361,0.0110,0.0000,ALERT
1778745186.6436,416,14.7,0.1852,0.0335,0.1093,0.0082,0.1689,0.3226,1.0000,1,0.0384,0.0804,0.0000,ALERT
1778745186.6666,417,43.1,0.1768,0.0340,0.1054,0.0088,0.1689,0.3767,1.0000,1,0.0407,0.1034,0.0000,ALERT
1778745186.7070,418,25.1,0.1884,0.0417,0.1150,0.0098,0.1587,0.3514,1.0000,1,0.0430,0.1438,0.0000,ALERT
1778745186.7275,419,50.4,0.1894,0.0466,0.1180,0.0092,0.1587,0.3297,1.0000,1,0.0452,0.1643,0.0000,ALERT
1778745186.7725,420,21.9,0.2188,0.2012,0.2100,0.0065,0.1097,0.3967,0.0000,0,0.0451,0.0000,0.0000,NORMAL
1778745186.7889,421,58.4,0.2197,0.2035,0.2116,0.0050,0.1097,0.3967,0.0000,0,0.0450,0.0000,0.0000,NORMAL
1778745186.8353,422,21.9,0.2510,0.2490,0.2500,0.0076,0.1275,0.4794,0.0000,0,0.0449,0.0000,0.0000,NORMAL
1778745186.8463,423,81.9,0.2520,0.2423,0.2471,0.0068,0.1136,0.4636,0.0000,0,0.0448,0.0000,0.0000,NORMAL
1778745186.8991,424,19.7,0.2742,0.2819,0.2781,0.0080,0.1222,0.3899,0.0000,0,0.0447,0.0000,0.0000,NORMAL
1778745186.9126,425,63.4,0.2714,0.2818,0.2766,0.0079,0.1222,0.3752,0.0000,0,0.0446,0.0000,0.0000,NORMAL
1778745186.9644,426,19.3,0.2694,0.2619,0.2657,0.0077,0.1089,0.3297,0.0000,0,0.0445,0.0000,0.0000,NORMAL
1778745186.9769,427,77.2,0.2685,0.2625,0.2655,0.0069,0.1193,0.3288,0.0000,0,0.0444,0.0000,0.0000,NORMAL
1778745186.9923,428,62.8,0.2680,0.2582,0.2631,0.0075,0.1089,0.3297,0.0000,0,0.0443,0.0000,0.0000,NORMAL
1778745187.0430,429,20.8,0.2801,0.2623,0.2712,0.0095,0.1185,0.3567,0.0000,0,0.0442,0.0000,0.0000,NORMAL
1778745187.1075,430,15.3,0.2517,0.2696,0.2607,0.0072,0.1136,0.3559,0.0000,0,0.0441,0.0000,0.0000,NORMAL
1778745187.1191,431,99.4,0.2514,0.2718,0.2616,0.0081,0.1136,0.3672,0.0000,0,0.0440,0.0000,0.0000,NORMAL
1778745187.1709,432,19.1,0.2725,0.2760,0.2742,0.0088,0.1097,0.3402,0.0000,0,0.0439,0.0000,0.0000,NORMAL
1778745187.1888,433,57.4,0.2743,0.2737,0.2740,0.0084,0.1185,0.3364,0.0000,0,0.0438,0.0000,0.0000,NORMAL
1778745187.2362,434,21.1,0.2062,0.1996,0.2029,0.0092,0.1541,0.3478,1.0000,1,0.0460,0.0000,0.0000,ALERT
1778745187.2512,435,66.1,0.2097,0.1953,0.2025,0.0081,0.1541,0.3036,1.0000,1,0.0482,0.0150,0.0000,ALERT
1778745187.2992,436,21.3,0.2270,0.2034,0.2152,0.0086,0.1286,0.3778,0.0000,0,0.0481,0.0000,0.0000,NORMAL
1778745187.3142,437,66.1,0.2277,0.2076,0.2177,0.0087,0.1286,0.3769,0.0000,0,0.0479,0.0000,0.0000,NORMAL
1778745187.3627,438,20.5,0.2602,0.2735,0.2669,0.0048,0.1341,0.3996,0.0000,0,0.0478,0.0000,0.0000,NORMAL
1778745187.3778,439,62.5,0.2627,0.2599,0.2613,0.0052,0.1341,0.3987,0.0000,0,0.0477,0.0000,0.0000,NORMAL
1778745187.3937,440,67.2,0.2655,0.2688,0.2671,0.0061,0.1341,0.3458,0.0000,0,0.0476,0.0000,0.0000,NORMAL
1778745187.4434,441,19.6,0.2651,0.2740,0.2696,0.0085,0.1236,0.3902,0.0000,0,0.0475,0.0000,0.0000,NORMAL
1778745187.5075,442,15.4,0.2773,0.2823,0.2798,0.0051,0.1269,0.3334,0.0000,0,0.0474,0.0000,0.0000,NORMAL
1778745187.5320,443,42.9,0.2735,0.2843,0.2789,0.0072,0.1269,0.3434,0.0000,0,0.0473,0.0000,0.0000,NORMAL
1778745187.5713,444,25.6,0.2865,0.2748,0.2806,0.0084,0.1372,0.3182,0.0000,0,0.0472,0.0000,0.0000,NORMAL
1778745187.5944,445,42.7,0.2862,0.2766,0.2814,0.0071,0.1370,0.3259,0.0000,0,0.0471,0.0000,0.0000,NORMAL
1778745187.6349,446,24.7,0.2265,0.2306,0.2286,0.0115,0.1557,0.3545,0.0000,0,0.0470,0.0000,0.0000,NORMAL
1778745187.6569,447,45.6,0.2309,0.2356,0.2332,0.0129,0.1560,0.3786,0.0000,0,0.0469,0.0000,0.0000,NORMAL
1778745187.7016,448,21.3,0.2076,0.1643,0.1860,0.0085,0.1335,0.3696,1.0000,1,0.0490,0.0000,0.0000,ALERT
1778745187.7186,449,61.7,0.2071,0.1726,0.1899,0.0083,0.1346,0.3696,1.0000,1,0.0511,0.0170,0.0000,ALERT
1778745187.7789,450,17.1,0.2712,0.2616,0.2664,0.0066,0.1255,0.4745,0.0000,0,0.0510,0.0000,0.0000,NORMAL
1778745187.7959,451,54.0,0.2723,0.2597,0.2660,0.0076,0.1255,0.3503,0.0000,0,0.0509,0.0000,0.0000,NORMAL
1778745187.8112,452,67.3,0.2727,0.2625,0.2676,0.0078,0.1255,0.4046,0.0000,0,0.0508,0.0000,0.0000,NORMAL
1778745187.8424,453,33.4,0.2855,0.2708,0.2781,0.0110,0.1107,0.3937,0.0000,0,0.0507,0.0000,0.0000,NORMAL
1778745187.9084,454,15.2,0.2936,0.2717,0.2826,0.0073,0.1304,0.3089,0.0000,0,0.0505,0.0000,0.0000,NORMAL
1778745187.9194,455,79.8,0.2890,0.2763,0.2827,0.0085,0.1304,0.3089,0.0000,0,0.0504,0.0000,0.0000,NORMAL
1778745187.9715,456,19.7,0.2557,0.2714,0.2636,0.0078,0.1355,0.3557,0.0000,0,0.0503,0.0000,0.0000,NORMAL
1778745187.9825,457,91.4,0.2566,0.2713,0.2640,0.0053,0.1355,0.3114,0.0000,0,0.0502,0.0000,0.0000,NORMAL
1778745188.0350,458,18.5,0.2261,0.2303,0.2282,0.0078,0.1355,0.2989,0.0000,0,0.0501,0.0000,0.0000,NORMAL
1778745188.0615,459,40.5,0.2290,0.2283,0.2286,0.0067,0.1355,0.3082,0.0000,0,0.0500,0.0000,0.0000,NORMAL
1778745188.0995,460,25.7,0.2024,0.0913,0.1469,0.0107,0.1317,0.3834,1.0000,1,0.0521,0.0000,0.0000,ALERT
1778745188.1236,461,40.8,0.2053,0.0832,0.1442,0.0150,0.1434,0.4211,1.0000,1,0.0541,0.0241,0.0000,ALERT
1778745188.1391,462,68.1,0.2042,0.0848,0.1445,0.0142,0.1434,0.4211,1.0000,1,0.0562,0.0395,0.0000,ALERT
1778745188.1801,463,23.7,0.2550,0.2394,0.2472,0.0081,0.1212,0.3712,0.0000,0,0.0560,0.0000,0.0000,NORMAL
1778745188.2031,464,47.2,0.2558,0.2370,0.2464,0.0091,0.1260,0.3712,0.0000,0,0.0559,0.0000,0.0000,NORMAL
1778745188.2436,465,24.0,0.2527,0.2516,0.2522,0.0059,0.1139,0.4505,0.0000,0,0.0558,0.0000,0.0000,NORMAL
1778745188.3073,466,15.9,0.2739,0.2560,0.2649,0.0059,0.1365,0.3832,0.0000,0,0.0557,0.0000,0.0000,NORMAL
1778745188.3301,467,43.0,0.2761,0.2575,0.2668,0.0059,0.1313,0.3832,0.0000,0,0.0556,0.0000,0.0000,NORMAL
1778745188.3721,468,24.2,0.2719,0.2739,0.2729,0.0078,0.1203,0.2955,0.0000,0,0.0554,0.0000,0.0000,NORMAL
1778745188.3941,469,44.4,0.2665,0.2781,0.2723,0.0081,0.1212,0.2955,0.0000,0,0.0553,0.0000,0.0000,NORMAL
1778745188.4357,470,24.3,0.2631,0.2802,0.2716,0.0105,0.1243,0.4451,0.0000,0,0.0552,0.0000,0.0000,NORMAL
1778745188.4577,471,45.5,0.2621,0.2734,0.2677,0.0103,0.1165,0.4451,0.0000,0,0.0551,0.0000,0.0000,NORMAL
1778745188.4987,472,23.5,0.2143,0.1688,0.1915,0.0089,0.1545,0.4581,1.0000,1,0.0571,0.0000,0.0000,ALERT
1778745188.5217,473,45.4,0.2167,0.1717,0.1942,0.0108,0.1343,0.4162,1.0000,1,0.0591,0.0230,0.0000,ALERT
1778745188.5372,474,61.4,0.2190,0.1573,0.1881,0.0094,0.1338,0.4704,1.0000,1,0.0611,0.0385,0.0000,ALERT
1778745188.5792,475,23.4,0.2118,0.1611,0.1865,0.0107,0.1374,0.3839,1.0000,1,0.0630,0.0805,0.0000,ALERT
1778745188.6013,476,48.8,0.2126,0.1640,0.1883,0.0093,0.1380,0.4065,1.0000,1,0.0650,0.1026,0.0000,ALERT
1778745188.6428,477,23.8,0.2508,0.2574,0.2541,0.0083,0.1254,0.4183,0.0000,0,0.0649,0.0000,0.0000,NORMAL
1778745188.7079,478,15.5,0.2710,0.2841,0.2776,0.0102,0.1233,0.3334,0.0000,0,0.0647,0.0000,0.0000,NORMAL
1778745188.7263,479,55.4,0.2761,0.2766,0.2764,0.0101,0.1233,0.4219,0.0000,0,0.0646,0.0000,0.0000,NORMAL
1778745188.7713,480,22.2,0.2784,0.2797,0.2790,0.0119,0.1258,0.4787,0.0000,0,0.0644,0.0000,0.0000,NORMAL
1778745188.7893,481,52.8,0.2752,0.2757,0.2755,0.0093,0.1258,0.4180,0.0000,0,0.0643,0.0000,0.0000,NORMAL
1778745188.8379,482,21.0,0.2811,0.2657,0.2734,0.0075,0.1313,0.4919,0.0000,0,0.0642,0.0000,0.0000,NORMAL
1778745188.8529,483,59.9,0.2829,0.2638,0.2733,0.0083,0.1313,0.4342,0.0000,0,0.0640,0.0000,0.0000,NORMAL
1778745188.8689,484,70.7,0.2806,0.2632,0.2719,0.0081,0.1313,0.4342,0.0000,0,0.0639,0.0000,0.0000,NORMAL
1778745188.9149,485,21.4,0.2722,0.2769,0.2746,0.0079,0.1383,0.3802,0.0000,0,0.0638,0.0000,0.0000,NORMAL
1778745188.9325,486,59.7,0.2732,0.2752,0.2742,0.0074,0.1383,0.3802,0.0000,0,0.0637,0.0000,0.0000,NORMAL
1778745188.9795,487,21.4,0.2814,0.2835,0.2824,0.0094,0.1210,0.3807,0.0000,0,0.0635,0.0000,0.0000,NORMAL
1778745188.9944,488,67.4,0.2834,0.2862,0.2848,0.0098,0.1210,0.3553,0.0000,0,0.0634,0.0000,0.0000,NORMAL
1778745189.0431,489,20.4,0.2519,0.2826,0.2673,0.0037,0.1251,0.3646,0.0000,0,0.0633,0.0000,0.0000,NORMAL
1778745189.1077,490,15.4,0.2756,0.2758,0.2757,0.0111,0.1147,0.3571,0.0000,0,0.0631,0.0000,0.0000,NORMAL
1778745189.1197,491,76.2,0.2798,0.2723,0.2760,0.0106,0.1147,0.3571,0.0000,0,0.0630,0.0000,0.0000,NORMAL
1778745189.1706,492,20.3,0.2613,0.2705,0.2659,0.0085,0.1170,0.3319,0.0000,0,0.0629,0.0000,0.0000,NORMAL
1778745189.1836,493,71.3,0.2624,0.2715,0.2670,0.0072,0.1170,0.3162,0.0000,0,0.0628,0.0000,0.0000,NORMAL
1778745189.2361,494,19.3,0.2771,0.2612,0.2691,0.0105,0.1091,0.3936,0.0000,0,0.0626,0.0000,0.0000,NORMAL
1778745189.2471,495,92.5,0.2704,0.2656,0.2680,0.0114,0.1091,0.4102,0.0000,0,0.0625,0.0000,0.0000,NORMAL
1778745189.2631,496,62.4,0.2715,0.2627,0.2671,0.0113,0.1091,0.4102,0.0000,0,0.0624,0.0000,0.0000,NORMAL
1778745189.3163,497,18.9,0.2698,0.2524,0.2611,0.0073,0.1143,0.3023,0.0000,0,0.0622,0.0000,0.0000,NORMAL
1778745189.3267,498,92.1,0.2674,0.2546,0.2610,0.0064,0.1142,0.3023,0.0000,0,0.0621,0.0000,0.0000,NORMAL
1778745189.3788,499,19.3,0.2677,0.2370,0.2523,0.0075,0.1274,0.4168,0.0000,0,0.0620,0.0000,0.0000,NORMAL
1778745189.4018,500,43.3,0.2692,0.2425,0.2558,0.0084,0.1274,0.4749,0.0000,0,0.0619,0.0000,0.0000,NORMAL
1778745189.4435,501,24.0,0.2499,0.2224,0.2362,0.0066,0.1138,0.3389,0.0000,0,0.0618,0.0000,0.0000,NORMAL
1778745189.5085,502,15.3,0.2507,0.2155,0.2331,0.0098,0.0987,0.3581,0.0000,0,0.0616,0.0000,0.0000,NORMAL
1778745189.5291,503,47.7,0.2500,0.2157,0.2329,0.0096,0.0982,0.3402,0.0000,0,0.0615,0.0000,0.0000,NORMAL
1778745189.5721,504,23.3,0.2696,0.2274,0.2485,0.0079,0.1069,0.3512,0.0000,0,0.0614,0.0000,0.0000,NORMAL
1778745189.5931,505,49.8,0.2712,0.2345,0.2529,0.0068,0.1096,0.3512,0.0000,0,0.0613,0.0000,0.0000,NORMAL
1778745189.6350,506,23.7,0.2597,0.2325,0.2461,0.0109,0.1091,0.3326,0.0000,0,0.0611,0.0000,0.0000,NORMAL
1778745189.6570,507,43.0,0.2568,0.2359,0.2463,0.0093,0.1091,0.3178,0.0000,0,0.0610,0.0000,0.0000,NORMAL
1778745189.6730,508,65.6,0.2561,0.2353,0.2457,0.0094,0.1091,0.3178,0.0000,0,0.0609,0.0000,0.0000,NORMAL
1778745189.7150,509,23.9,0.2530,0.2334,0.2432,0.0153,0.1258,0.3835,0.0000,0,0.0608,0.0000,0.0000,NORMAL
1778745189.7367,510,46.8,0.2563,0.2267,0.2415,0.0169,0.1258,0.3865,0.0000,0,0.0607,0.0000,0.0000,NORMAL
1778745189.7797,511,23.1,0.2572,0.2181,0.2376,0.0097,0.1081,0.2914,0.0000,0,0.0605,0.0000,0.0000,NORMAL
1778745189.7977,512,57.1,0.2624,0.2193,0.2409,0.0109,0.1081,0.2914,0.0000,0,0.0604,0.0000,0.0000,NORMAL
1778745189.8432,513,21.5,0.2570,0.2027,0.2298,0.0069,0.1052,0.2928,0.0000,0,0.0603,0.0000,0.0000,NORMAL
1778745189.9073,514,15.8,0.2535,0.2055,0.2295,0.0113,0.1249,0.3918,0.0000,0,0.0602,0.0000,0.0000,NORMAL
1778745189.9252,515,55.7,0.2516,0.2044,0.2280,0.0119,0.1225,0.3887,0.0000,0,0.0601,0.0000,0.0000,NORMAL
1778745189.9722,516,20.1,0.2520,0.1987,0.2253,0.0086,0.1075,0.2792,0.0000,0,0.0600,0.0000,0.0000,NORMAL
1778745189.9842,517,79.9,0.2558,0.1928,0.2243,0.0070,0.1190,0.3168,0.0000,0,0.0598,0.0000,0.0000,NORMAL
1778745189.9963,518,78.0,0.2570,0.1899,0.2234,0.0071,0.1190,0.3168,0.0000,0,0.0597,0.0000,0.0000,NORMAL
1778745190.0508,519,19.3,0.2450,0.1859,0.2155,0.0063,0.1181,0.2947,0.0000,0,0.0596,0.0000,0.0000,NORMAL
1778745190.0612,520,94.8,0.2448,0.1805,0.2127,0.0055,0.1181,0.4029,0.0000,0,0.0595,0.0000,0.0000,NORMAL
1778745190.1148,521,18.8,0.2366,0.1745,0.2056,0.0079,0.1224,0.3468,1.0000,1,0.0613,0.0000,0.0000,ALERT
1778745190.1303,522,63.2,0.2425,0.1766,0.2096,0.0057,0.1224,0.4023,1.0000,1,0.0631,0.0155,0.0000,ALERT
1778745190.1793,523,21.0,0.2519,0.1981,0.2250,0.0115,0.1126,0.4517,0.0000,0,0.0630,0.0000,0.0000,NORMAL
1778745190.1943,524,67.4,0.2495,0.1952,0.2223,0.0104,0.1126,0.4507,0.0000,0,0.0629,0.0000,0.0000,NORMAL
1778745190.2439,525,19.5,0.2216,0.1893,0.2054,0.0350,0.1010,0.3662,1.0000,1,0.0646,0.0000,0.0000,ALERT
1778745190.3069,526,16.1,0.2356,0.1900,0.2128,0.0114,0.1266,0.3409,0.0000,0,0.0645,0.0000,0.0000,NORMAL
1778745190.3219,527,66.1,0.2369,0.1845,0.2107,0.0124,0.1175,0.3425,0.0000,0,0.0644,0.0000,0.0000,NORMAL
1778745190.3714,528,20.2,0.2377,0.1788,0.2083,0.0119,0.1151,0.3723,1.0000,1,0.0662,0.0000,0.0000,ALERT
1778745190.3855,529,69.8,0.2276,0.1789,0.2032,0.0152,0.1151,0.3723,1.0000,1,0.0679,0.0141,0.0000,ALERT
1778745190.4014,530,60.3,0.2268,0.1793,0.2031,0.0116,0.1151,0.3723,1.0000,1,0.0697,0.0300,0.0000,ALERT
1778745190.4520,531,20.3,0.2481,0.1728,0.2104,0.0114,0.1047,0.2648,0.0000,0,0.0695,0.0000,0.0000,NORMAL
1778745190.4649,532,63.8,0.2531,0.1661,0.2096,0.0114,0.0976,0.2420,1.0000,1,0.0713,0.0000,0.0000,ALERT
1778745190.5150,533,21.2,0.2428,0.1789,0.2109,0.0119,0.1030,0.3222,0.0000,0,0.0712,0.0000,0.0000,NORMAL
1778745190.5295,534,60.9,0.2358,0.1700,0.2029,0.0119,0.1054,0.3343,1.0000,1,0.0729,0.0000,0.0000,ALERT
1778745190.5795,535,20.8,0.2547,0.1682,0.2115,0.0100,0.1120,0.1834,0.0000,0,0.0728,0.0000,0.0000,NORMAL
1778745190.5925,536,73.4,0.2528,0.1678,0.2103,0.0094,0.1120,0.1834,0.0000,0,0.0726,0.0000,0.0000,NORMAL
1778745190.6430,537,19.7,0.2318,0.1715,0.2017,0.0083,0.1062,0.3140,1.0000,1,0.0743,0.0000,0.0000,ALERT
1778745190.7082,538,15.2,0.2521,0.1581,0.2051,0.0081,0.1192,0.3171,1.0000,1,0.0761,0.0652,0.0000,ALERT
1778745190.7340,539,37.8,0.2493,0.1618,0.2056,0.0111,0.1177,0.3226,1.0000,1,0.0778,0.0910,0.0000,ALERT
1778745190.7880,540,19.2,0.2446,0.1774,0.2110,0.0082,0.0951,0.3235,0.0000,0,0.0776,0.0000,0.0000,NORMAL
1778745190.8129,541,39.9,0.2444,0.1761,0.2102,0.0071,0.0957,0.3041,0.0000,0,0.0775,0.0000,0.0000,NORMAL
1778745190.8284,542,60.0,0.2479,0.1756,0.2117,0.0067,0.0951,0.3041,0.0000,0,0.0773,0.0000,0.0000,NORMAL
1778745190.8515,543,43.0,0.2471,0.1639,0.2055,0.0134,0.1216,0.3119,1.0000,1,0.0790,0.0000,0.0000,ALERT
1778745190.8754,544,42.3,0.2423,0.1569,0.1996,0.0110,0.1146,0.2704,1.0000,1,0.0807,0.0240,0.0000,ALERT
1778745190.9160,545,23.8,0.2280,0.1804,0.2042,0.0162,0.1160,0.2531,1.0000,1,0.0824,0.0645,0.0000,ALERT
1778745190.9375,546,50.0,0.2308,0.1840,0.2074,0.0119,0.1145,0.2519,1.0000,1,0.0841,0.0860,0.0000,ALERT
1778745190.9795,547,24.1,0.2499,0.1887,0.2193,0.0089,0.1031,0.3325,0.0000,0,0.0839,0.0000,0.0000,NORMAL
1778745191.0015,548,46.3,0.2512,0.1921,0.2216,0.0100,0.1006,0.3220,0.0000,0,0.0838,0.0000,0.0000,NORMAL
1778745191.0430,549,23.9,0.2402,0.1826,0.2114,0.0152,0.1232,0.2505,0.0000,0,0.0836,0.0000,0.0000,NORMAL
1778745191.1081,550,15.3,0.2475,0.1794,0.2134,0.0141,0.1128,0.3556,0.0000,0,0.0835,0.0000,0.0000,NORMAL
1778745191.1281,551,51.8,0.2474,0.1764,0.2119,0.0142,0.1128,0.3556,0.0000,0,0.0833,0.0000,0.0000,NORMAL
1778745191.1436,552,62.2,0.2487,0.1771,0.2129,0.0143,0.1128,0.3556,0.0000,0,0.0832,0.0000,0.0000,NORMAL
1778745191.1866,553,23.0,0.2285,0.1768,0.2026,0.0076,0.1037,0.2543,1.0000,1,0.0848,0.0000,0.0000,ALERT
1778745191.2076,554,49.3,0.2317,0.1796,0.2057,0.0080,0.1037,0.3212,1.0000,1,0.0865,0.0210,0.0000,ALERT
1778745191.2521,555,22.8,0.2300,0.1928,0.2114,0.0055,0.0894,0.3777,0.0000,0,0.0863,0.0000,0.0000,NORMAL
1778745191.2691,556,56.7,0.2250,0.1956,0.2103,0.0052,0.1057,0.3465,0.0000,0,0.0862,0.0000,0.0000,NORMAL
1778745191.3151,557,21.7,0.2371,0.1951,0.2161,0.0119,0.1129,0.2750,0.0000,0,0.0860,0.0000,0.0000,NORMAL
1778745191.3326,558,60.0,0.2400,0.1984,0.2192,0.0156,0.1054,0.3847,0.0000,0,0.0859,0.0000,0.0000,NORMAL
1778745191.3796,559,20.6,0.2420,0.1728,0.2074,0.0101,0.0807,0.2666,1.0000,1,0.0875,0.0000,0.0000,ALERT
1778745191.3956,560,66.3,0.2491,0.1708,0.2100,0.0119,0.1016,0.2417,1.0000,1,0.0891,0.0160,0.0000,ALERT
1778745191.4432,561,21.0,0.2419,0.1853,0.2136,0.0089,0.1133,0.2871,0.0000,0,0.0890,0.0000,0.0000,NORMAL
1778745191.5083,562,15.4,0.2294,0.1866,0.2080,0.0079,0.0976,0.3312,1.0000,1,0.0906,0.0000,0.0000,ALERT
1778745191.5223,563,73.6,0.2350,0.1856,0.2103,0.0090,0.0976,0.2979,0.0000,0,0.0904,0.0000,0.0000,NORMAL
1778745191.5375,564,66.8,0.2352,0.1869,0.2110,0.0095,0.0976,0.3126,0.0000,0,0.0903,0.0000,0.0000,NORMAL
1778745191.5875,565,19.7,0.2415,0.1752,0.2084,0.0093,0.1096,0.2970,1.0000,1,0.0919,0.0000,0.0000,ALERT
1778745191.6005,566,77.0,0.2420,0.1636,0.2028,0.0102,0.1096,0.3454,1.0000,1,0.0935,0.0130,0.0000,ALERT
1778745191.6510,567,19.8,0.2271,0.1521,0.1896,0.0107,0.1276,0.2359,1.0000,1,0.0951,0.0635,0.0000,ALERT
1778745191.6641,568,73.4,0.2298,0.1620,0.1959,0.0108,0.1276,0.2564,1.0000,1,0.0967,0.0766,0.0000,ALERT
1778745191.7153,569,19.4,0.1882,0.0453,0.1168,0.0290,0.1592,0.4183,1.0000,1,0.0982,0.1278,0.0000,ALERT
1778745191.7277,570,72.9,0.1869,0.0453,0.1161,0.0269,0.1575,0.3157,1.0000,1,0.0998,0.1402,0.0000,ALERT
1778745191.7795,571,19.7,0.1539,0.0439,0.0989,0.0079,0.1535,0.2850,1.0000,1,0.1014,0.1919,0.0000,ALERT
1778745191.8055,572,39.6,0.1418,0.0465,0.0942,0.0098,0.2018,0.3506,1.0000,1,0.1030,0.2180,0.0000,ALERT
1778745191.8431,573,25.9,0.1925,0.0540,0.1233,0.0258,0.1680,0.3542,1.0000,1,0.1045,0.2555,0.0000,ALERT
1778745191.9229,574,12.7,0.2031,0.0758,0.1395,0.0124,0.1477,0.4030,1.0000,1,0.1061,0.3354,0.0000,ALERT
1778745191.9457,575,44.6,0.2024,0.0895,0.1460,0.0142,0.1477,0.3598,1.0000,1,0.1076,0.3581,0.0000,ALERT
1778745191.9607,576,66.8,0.2029,0.0864,0.1446,0.0148,0.1477,0.4392,1.0000,1,0.1092,0.3731,0.0000,ALERT
1778745191.9867,577,36.0,0.2180,0.1508,0.1844,0.0155,0.1096,0.3277,1.0000,1,0.1107,0.3991,0.0000,ALERT
1778745191.9988,578,74.1,0.2152,0.1619,0.1885,0.0153,0.1254,0.3315,1.0000,1,0.1123,0.4113,0.0000,ALERT
1778745192.0514,579,20.1,0.2163,0.1560,0.1862,0.0097,0.1140,0.2758,1.0000,1,0.1138,0.4638,0.0000,ALERT
1778745192.0715,580,48.3,0.2161,0.1490,0.1825,0.0096,0.1140,0.2638,1.0000,1,0.1153,0.4839,0.0000,ALERT
1778745192.1154,581,22.6,0.2242,0.1615,0.1928,0.0111,0.1309,0.3021,1.0000,1,0.1168,0.5279,0.0000,ALERT
1778745192.1350,582,54.7,0.2276,0.1550,0.1913,0.0131,0.0983,0.2919,1.0000,1,0.1184,0.5474,0.0000,ALERT
1778745192.1791,583,22.0,0.2051,0.1635,0.1843,0.0075,0.0982,0.2829,1.0000,1,0.1199,0.5916,0.0000,ALERT
1778745192.1971,584,60.3,0.2116,0.1597,0.1857,0.0135,0.1060,0.3763,1.0000,1,0.1214,0.6096,0.0000,ALERT
1778745192.2437,585,21.6,0.2390,0.1923,0.2157,0.0333,0.0930,0.3991,0.0000,0,0.1212,0.0000,0.0000,NORMAL
1778745192.2608,586,56.6,0.2309,0.1824,0.2066,0.0256,0.0952,0.3873,1.0000,1,0.1227,0.0000,0.0000,ALERT
1778745192.3229,587,16.3,0.2487,0.2355,0.2421,0.0123,0.1087,0.2464,0.0000,0,0.1224,0.0000,0.0000,NORMAL
1778745192.3394,588,61.2,0.2387,0.2202,0.2294,0.0100,0.1139,0.2251,0.0000,0,0.1222,0.0000,0.0000,NORMAL
1778745192.3866,589,21.3,0.2550,0.2221,0.2385,0.0126,0.1190,0.3443,0.0000,0,0.1220,0.0000,0.0000,NORMAL
1778745192.4026,590,60.2,0.2629,0.2234,0.2432,0.0119,0.1190,0.2179,0.0000,0,0.1218,0.0000,0.0000,NORMAL
1778745192.4515,591,20.0,0.2472,0.2435,0.2453,0.0131,0.1192,0.4054,0.0000,0,0.1216,0.0000,0.0000,NORMAL
1778745192.4626,592,77.9,0.2462,0.2412,0.2437,0.0101,0.1192,0.4054,0.0000,0,0.1214,0.0000,0.0000,NORMAL
1778745192.5156,593,20.2,0.2817,0.2353,0.2585,0.0116,0.1031,0.2890,0.0000,0,0.1212,0.0000,0.0000,NORMAL
1778745192.5276,594,80.1,0.2781,0.2446,0.2614,0.0119,0.1091,0.2359,0.0000,0,0.1210,0.0000,0.0000,NORMAL
1778745192.5791,595,19.6,0.2854,0.2577,0.2716,0.0113,0.1176,0.2540,0.0000,0,0.1208,0.0000,0.0000,NORMAL
1778745192.5911,596,81.6,0.2812,0.2708,0.2760,0.0103,0.1176,0.1988,0.0000,0,0.1206,0.0000,0.0000,NORMAL
1778745192.6442,597,17.5,0.2710,0.2578,0.2644,0.0112,0.1231,0.4065,0.0000,0,0.1204,0.0000,0.0000,NORMAL
1778745192.6579,598,81.7,0.2602,0.2574,0.2588,0.0113,0.1168,0.3666,0.0000,0,0.1202,0.0000,0.0000,NORMAL
1778745192.7257,599,15.3,0.2416,0.2341,0.2379,0.0150,0.1079,0.2011,0.0000,0,0.1200,0.0000,0.0000,NORMAL
1778745192.7486,600,44.9,0.2378,0.2293,0.2336,0.0106,0.1134,0.1964,0.0000,0,0.1198,0.0000,0.0000,NORMAL
1778745192.7869,601,25.3,0.1652,0.0678,0.1165,0.0039,0.1520,0.1659,1.0000,1,0.1213,0.0000,0.0000,ALERT
1778745192.8120,602,40.2,0.1620,0.0701,0.1161,0.0025,0.1439,0.1593,1.0000,1,0.1227,0.0251,0.0000,ALERT
1778745192.8516,603,23.3,0.1945,0.0708,0.1326,0.0055,0.1164,0.1438,1.0000,1,0.1242,0.0647,0.0000,ALERT
1778745192.8657,604,73.2,0.1965,0.0730,0.1347,0.0088,0.1113,0.2089,1.0000,1,0.1256,0.0788,0.0000,ALERT
1778745192.9147,605,21.8,0.1891,0.1323,0.1607,0.0075,0.1450,0.2488,1.0000,1,0.1271,0.1278,0.0000,ALERT
1778745192.9372,606,41.3,0.1949,0.1490,0.1720,0.0081,0.1380,0.2884,1.0000,1,0.1285,0.1503,0.0000,ALERT
1778745192.9798,607,24.5,0.1745,0.1725,0.1735,0.0102,0.1840,0.3721,1.0000,1,0.1299,0.1929,0.0000,ALERT
1778745192.9988,608,54.0,0.1834,0.1516,0.1675,0.0109,0.1797,0.3801,1.0000,1,0.1314,0.2119,0.0000,ALERT
1778745193.0591,609,15.8,0.1553,0.1742,0.1647,0.0089,0.1698,0.5468,1.0000,1,0.1328,0.2722,0.0000,ALERT
1778745193.0772,610,50.8,0.1603,0.1593,0.1598,0.0141,0.1688,0.2883,1.0000,1,0.1342,0.2903,0.0000,ALERT
1778745193.1241,611,21.6,0.1717,0.1549,0.1633,0.0038,0.1668,0.2576,1.0000,1,0.1356,0.3372,0.0000,ALERT
1778745193.1560,612,31.2,0.1742,0.1299,0.1520,0.0036,0.1668,0.2576,1.0000,1,0.1370,0.3691,0.0000,ALERT
1778745193.1870,613,34.1,0.1631,0.1156,0.1394,0.0073,0.2368,0.3139,1.0000,1,0.1384,0.4001,0.0000,ALERT
1778745193.2020,614,74.0,0.1549,0.1064,0.1307,0.0058,0.2368,0.2910,1.0000,1,0.1398,0.4151,0.0000,ALERT
1778745193.2542,615,19.1,0.2008,0.2363,0.2185,0.0034,0.1313,0.3560,0.0000,0,0.1396,0.0000,0.0000,NORMAL
