timestamp,frame,fps,ear_left,ear_right,ear_avg,mar,ml_eye_conf,ml_mouth_conf,fused,eye_closed_raw,eye_closed_valid,blink_dur,yawn_dur,yawn_count,perclos,status
1774194893.0673,0,1.9,0.3387,0.3000,0.3194,0.0026,0.9971,0.0899,0.2991,0,0,0.0000,0.0000,0,0.0000,NORMAL
1774194893.1794,1,12.4,0.3220,0.2973,0.3096,0.0256,0.9970,0.1013,0.2991,0,0,0.0000,0.0000,0,0.0000,NORMAL
1774194893.2585,2,12.6,0.2999,0.3187,0.3093,0.0029,0.9938,0.0882,0.2981,0,0,0.0000,0.0000,0,0.0000,NORMAL
1774194893.2815,3,47.7,0.3086,0.3221,0.3153,0.0026,0.9921,0.0888,0.2976,0,0,0.0000,0.0000,0,0.0000,NORMAL
1774194893.3075,4,37.4,0.3019,0.3120,0.3069,0.0029,0.9921,0.0858,0.2976,0,0,0.0000,0.0000,0,0.0000,NORMAL
1774194893.3321,5,43.2,0.2977,0.3132,0.3054,0.0036,0.9938,0.0888,0.2981,0,0,0.0000,0.0000,0,0.0000,NORMAL
1774194893.3981,6,13.3,0.2943,0.2848,0.2896,0.0055,0.9949,0.0894,0.2985,0,0,0.0000,0.0000,0,0.0000,NORMAL
1774194893.4376,7,25.0,0.2995,0.2827,0.2911,0.0065,0.9936,0.0878,0.2981,0,0,0.0000,0.0000,0,0.0000,NORMAL
1774194893.4676,8,46.2,0.2982,0.2720,0.2851,0.0064,0.9946,0.0939,0.2984,0,0,0.0000,0.0000,0,0.0000,NORMAL
1774194893.4926,9,42.1,0.2986,0.2795,0.2891,0.0085,0.9936,0.0900,0.2981,0,0,0.0000,0.0000,0,0.0000,NORMAL
1774194893.5256,10,28.4,0.2798,0.2592,0.2695,0.0732,0.9970,0.0915,0.2991,0,0,0.0000,0.0000,0,0.0000,NORMAL
1774194893.5471,11,47.1,0.2793,0.2305,0.2549,0.0241,0.9966,0.0920,0.2990,0,0,0.0000,0.0000,0,0.0000,NORMAL
1774194893.5691,12,52.2,0.2825,0.2296,0.2561,0.0099,0.9971,0.0946,0.2991,0,0,0.0000,0.0000,0,0.0000,NORMAL
1774194893.5881,13,53.5,0.2870,0.2233,0.2552,0.0078,0.9968,0.0927,0.2990,0,0,0.0000,0.0000,0,0.0000,NORMAL
1774194893.6547,14,15.2,0.2417,0.2735,0.2576,0.0137,0.9990,0.1124,0.2997,0,0,0.0000,0.0000,0,0.0000,NORMAL
1774194893.6837,15,35.1,0.2312,0.2734,0.2523,0.0078,0.9990,0.1059,0.2997,0,0,0.0000,0.0000,0,0.0000,NORMAL
1774194893.7008,16,58.0,0.2297,0.2576,0.2437,0.0099,0.9988,0.1096,0.2996,0,0,0.0000,0.0000,0,0.0000,NORMAL
1774194893.7284,17,36.9,0.2114,0.2500,0.2307,0.0092,0.9988,0.1107,0.2996,0,0,0.0000,0.0000,0,0.0000,NORMAL
1774194893.7979,18,14.8,0.0000,0.0000,0.0000,0.0000,0.0000,0.0000,0.0000,0,0,0.0000,0.0000,0,0.0000,NORMAL
1774194893.8229,19,35.1,0.0000,0.0000,0.0000,0.0000,0.0000,0.0000,0.0000,0,0,0.0000,0.0000,0,0.0000,NORMAL
1774194893.8415,20,50.0,0.0000,0.0000,0.0000,0.0000,0.0000,0.0000,0.0000,0,0,0.0000,0.0000,0,0.0000,NORMAL
1774194893.8674,21,38.0,0.0000,0.0000,0.0000,0.0000,0.0000,0.0000,0.0000,0,0,0.0000,0.0000,0,0.0000,NORMAL
1774194893.9255,22,17.7,0.0000,0.0000,0.0000,0.0000,0.0000,0.0000,0.0000,0,0,0.0000,0.0000,0,0.0000,NORMAL
1774194893.9440,23,50.7,0.0000,0.0000,0.0000,0.0000,0.0000,0.0000,0.0000,0,0,0.0000,0.0000,0,0.0000,NORMAL
1774194893.9630,24,52.8,0.0000,0.0000,0.0000,0.0000,0.0000,0.0000,0.0000,0,0,0.0000,0.0000,0,0.0000,NORMAL
1774194893.9940,25,31.9,0.0000,0.0000,0.0000,0.0000,0.0000,0.0000,0.0000,0,0,0.0000,0.0000,0,0.0000,NORMAL
1774194894.0715,26,13.6,0.0000,0.0000,0.0000,0.0000,0.0000,0.0000,0.0000,0,0,0.0000,0.0000,0,0.0000,NORMAL
1774194894.1035,27,29.8,0.0000,0.0000,0.0000,0.0000,0.0000,0.0000,0.0000,0,0,0.0000,0.0000,0,0.0000,NORMAL
1774194894.1205,28,63.9,0.0000,0.0000,0.0000,0.0000,0.0000,0.0000,0.0000,0,0,0.0000,0.0000,0,0.0000,NORMAL
1774194894.1370,29,58.3,0.0000,0.0000,0.0000,0.0000,0.0000,0.0000,0.0000,0,0,0.0000,0.0000,0,0.0000,NORMAL
1774194894.1970,30,16.6,0.0000,0.0000,0.0000,0.0000,0.0000,0.0000,0.0000,0,0,0.0000,0.0000,0,0.0000,NORMAL
1774194894.2140,31,51.8,0.0000,0.0000,0.0000,0.0000,0.0000,0.0000,0.0000,0,0,0.0000,0.0000,0,0.0000,NORMAL
1774194894.2426,32,38.7,0.0000,0.0000,0.0000,0.0000,0.0000,0.0000,0.0000,0,0,0.0000,0.0000,0,0.0000,NORMAL
1774194894.2586,33,58.3,0.0000,0.0000,0.0000,0.0000,0.0000,0.0000,0.0000,0,0,0.0000,0.0000,0,0.0000,NORMAL
1774194894.3276,34,14.6,0.0000,0.0000,0.0000,0.0000,0.0000,0.0000,0.0000,0,0,0.0000,0.0000,0,0.0000,NORMAL
1774194894.3521,35,40.4,0.0000,0.0000,0.0000,0.0000,0.0000,0.0000,0.0000,0,0,0.0000,0.0000,0,0.0000,NORMAL
1774194894.3691,36,58.7,0.0000,0.0000,0.0000,0.0000,0.0000,0.0000,0.0000,0,0,0.0000,0.0000,0,0.0000,NORMAL
1774194894.3991,37,34.8,0.0000,0.0000,0.0000,0.0000,0.0000,0.0000,0.0000,0,0,0.0000,0.0000,0,0.0000,NORMAL
1774194894.4684,38,13.9,0.0000,0.0000,0.0000,0.0000,0.0000,0.0000,0.0000,0,0,0.0000,0.0000,0,0.0000,NORMAL
1774194894.4874,39,56.5,0.0000,0.0000,0.0000,0.0000,0.0000,0.0000,0.0000,0,0,0.0000,0.0000,0,0.0000,NORMAL
1774194894.5074,40,52.1,0.0000,0.0000,0.0000,0.0000,0.0000,0.0000,0.0000,0,0,0.0000,0.0000,0,0.0000,NORMAL
1774194894.5244,41,62.9,0.0000,0.0000,0.0000,0.0000,0.0000,0.0000,0.0000,0,0,0.0000,0.0000,0,0.0000,NORMAL
1774194894.5979,42,13.0,0.0000,0.0000,0.0000,0.0000,0.0000,0.0000,0.0000,0,0,0.0000,0.0000,0,0.0000,NORMAL
1774194894.6169,43,55.4,0.0000,0.0000,0.0000,0.0000,0.0000,0.0000,0.0000,0,0,0.0000,0.0000,0,0.0000,NORMAL
1774194894.6355,44,48.9,0.0000,0.0000,0.0000,0.0000,0.0000,0.0000,0.0000,0,0,0.0000,0.0000,0,0.0000,NORMAL
1774194894.6555,45,63.4,0.0000,0.0000,0.0000,0.0000,0.0000,0.0000,0.0000,0,0,0.0000,0.0000,0,0.0000,NORMAL
1774194894.7252,46,13.7,0.1892,0.2596,0.2244,0.0088,0.9986,0.1081,0.2996,0,0,0.0000,0.0000,0,0.0000,NORMAL
1774194894.7437,47,58.8,0.2023,0.2680,0.2352,0.0341,0.9985,0.0974,0.2995,0,0,0.0000,0.0000,0,0.0000,NORMAL
1774194894.7607,48,60.5,0.2005,0.2742,0.2373,0.0524,0.9987,0.1046,0.2996,0,0,0.0000,0.0000,0,0.0000,NORMAL
1774194894.7777,49,58.2,0.2169,0.3018,0.2593,0.0060,0.9985,0.1015,0.2996,0,0,0.0000,0.0000,0,0.0000,NORMAL
1774194894.8702,50,10.6,0.2161,0.2495,0.2328,0.1089,0.9972,0.0951,0.2992,0,0,0.0000,0.0000,0,0.0000,NORMAL
1774194894.8892,51,61.8,0.2522,0.2588,0.2555,0.0114,0.9970,0.0933,0.2991,0,0,0.0000,0.0000,0,0.0000,NORMAL
1774194894.9142,52,41.0,0.2355,0.2523,0.2439,0.0454,0.9973,0.0957,0.2992,0,0,0.0000,0.0000,0,0.0000,NORMAL
1774194894.9312,53,48.7,0.2323,0.2560,0.2442,0.0115,0.9973,0.0905,0.2992,0,0,0.0000,0.0000,0,0.0000,NORMAL
1774194894.9968,54,15.3,0.2794,0.2576,0.2685,0.0174,0.9967,0.0874,0.2990,0,0,0.0000,0.0000,0,0.0000,NORMAL
1774194895.0245,55,39.1,0.2656,0.2464,0.2560,0.0122,0.9966,0.0858,0.2990,0,0,0.0000,0.0000,0,0.0000,NORMAL
1774194895.0410,56,66.3,0.2652,0.2439,0.2546,0.0094,0.9966,0.0844,0.2990,0,0,0.0000,0.0000,0,0.0000,NORMAL
1774194895.0564,57,55.4,0.2621,0.2477,0.2549,0.0104,0.9966,0.0872,0.2990,0,0,0.0000,0.0000,0,0.0000,NORMAL
1774194895.1254,58,14.4,0.2964,0.3582,0.3273,0.0114,0.9932,0.0896,0.2980,0,0,0.0000,0.0000,0,0.0000,NORMAL
1774194895.1430,59,53.6,0.2914,0.3436,0.3175,0.0106,0.9930,0.0887,0.2979,0,0,0.0000,0.0000,0,0.0000,NORMAL
1774194895.1620,60,58.3,0.2847,0.3434,0.3140,0.0073,0.9930,0.0896,0.2979,0,0,0.0000,0.0000,0,0.0000,NORMAL
1774194895.1789,61,51.5,0.2872,0.3436,0.3154,0.0120,0.9921,0.0887,0.2976,0,0,0.0000,0.0000,0,0.0000,NORMAL
1774194895.2683,62,11.3,0.3217,0.3296,0.3256,0.0066,0.9930,0.0828,0.2979,0,0,0.0000,0.0000,0,0.0000,NORMAL
1774194895.2873,63,60.5,0.3268,0.3307,0.3288,0.0076,0.9900,0.0828,0.2970,0,0,0.0000,0.0000,0,0.0000,NORMAL
1774194895.3043,64,47.5,0.3280,0.3309,0.3294,0.0074,0.9900,0.0828,0.2970,0,0,0.0000,0.0000,0,0.0000,NORMAL
1774194895.3253,65,47.9,0.3267,0.3336,0.3301,0.0061,0.9900,0.0828,0.2970,0,0,0.0000,0.0000,0,0.0000,NORMAL
1774194895.3968,66,14.1,0.2987,0.3635,0.3311,0.1131,0.9971,0.1017,0.2991,0,0,0.0000,0.0000,0,0.0000,NORMAL
1774194895.4168,67,57.4,0.3107,0.3526,0.3316,0.1040,0.9977,0.0985,0.2993,0,0,0.0000,0.0000,0,0.0000,NORMAL
1774194895.4343,68,59.1,0.3280,0.3555,0.3417,0.1335,0.9976,0.0986,0.2993,0,0,0.0000,0.0000,0,0.0000,NORMAL
1774194895.4613,69,37.0,0.3210,0.3507,0.3358,0.1174,0.9977,0.0986,0.2993,0,0,0.0000,0.0000,0,0.0000,NORMAL
1774194895.5253,70,15.6,0.2612,0.1978,0.2295,0.0891,0.9988,0.1068,0.2996,0,0,0.0000,0.0000,0,0.0000,NORMAL
1774194895.5418,71,53.4,0.2628,0.2038,0.2333,0.0702,0.9988,0.0970,0.2996,0,0,0.0000,0.0000,0,0.0000,NORMAL
1774194895.5608,72,56.5,0.2639,0.2281,0.2460,0.1143,0.9988,0.0983,0.2996,0,0,0.0000,0.0000,0,0.0000,NORMAL
1774194895.5788,73,66.4,0.2645,0.2253,0.2449,0.0295,0.9988,0.0990,0.2996,0,0,0.0000,0.0000,0,0.0000,NORMAL
1774194895.6694,74,11.0,0.0000,0.0000,0.0000,0.0000,0.0000,0.0000,0.0000,0,0,0.0000,0.0000,0,0.0000,NORMAL
1774194895.6847,75,51.1,0.0000,0.0000,0.0000,0.0000,0.0000,0.0000,0.0000,0,0,0.0000,0.0000,0,0.0000,NORMAL
1774194895.7042,76,56.6,0.0000,0.0000,0.0000,0.0000,0.0000,0.0000,0.0000,0,0,0.0000,0.0000,0,0.0000,NORMAL
1774194895.7218,77,56.7,0.0000,0.0000,0.0000,0.0000,0.0000,0.0000,0.0000,0,0,0.0000,0.0000,0,0.0000,NORMAL
1774194895.7973,78,13.3,0.0000,0.0000,0.0000,0.0000,0.0000,0.0000,0.0000,0,0,0.0000,0.0000,0,0.0000,NORMAL
1774194895.8225,79,44.4,0.0000,0.0000,0.0000,0.0000,0.0000,0.0000,0.0000,0,0,0.0000,0.0000,0,0.0000,NORMAL
1774194895.8381,80,56.6,0.0000,0.0000,0.0000,0.0000,0.0000,0.0000,0.0000,0,0,0.0000,0.0000,0,0.0000,NORMAL
1774194895.8550,81,66.2,0.0000,0.0000,0.0000,0.0000,0.0000,0.0000,0.0000,0,0,0.0000,0.0000,0,0.0000,NORMAL
1774194895.9260,82,13.8,0.0000,0.0000,0.0000,0.0000,0.0000,0.0000,0.0000,0,0,0.0000,0.0000,0,0.0000,NORMAL
1774194895.9486,83,48.4,0.0000,0.0000,0.0000,0.0000,0.0000,0.0000,0.0000,0,0,0.0000,0.0000,0,0.0000,NORMAL
1774194895.9646,84,62.0,0.0000,0.0000,0.0000,0.0000,0.0000,0.0000,0.0000,0,0,0.0000,0.0000,0,0.0000,NORMAL
1774194895.9826,85,50.8,0.0000,0.0000,0.0000,0.0000,0.0000,0.0000,0.0000,0,0,0.0000,0.0000,0,0.0000,NORMAL
1774194896.0683,86,11.8,0.0000,0.0000,0.0000,0.0000,0.0000,0.0000,0.0000,0,0,0.0000,0.0000,0,0.0000,NORMAL
1774194896.0884,87,48.0,0.0000,0.0000,0.0000,0.0000,0.0000,0.0000,0.0000,0,0,0.0000,0.0000,0,0.0000,NORMAL
1774194896.1043,88,59.5,0.0000,0.0000,0.0000,0.0000,0.0000,0.0000,0.0000,0,0,0.0000,0.0000,0,0.0000,NORMAL
1774194896.1213,89,54.6,0.0000,0.0000,0.0000,0.0000,0.0000,0.0000,0.0000,0,0,0.0000,0.0000,0,0.0000,NORMAL
1774194896.1998,90,12.7,0.0000,0.0000,0.0000,0.0000,0.0000,0.0000,0.0000,0,0,0.0000,0.0000,0,0.0000,NORMAL
1774194896.2178,91,54.3,0.0000,0.0000,0.0000,0.0000,0.0000,0.0000,0.0000,0,0,0.0000,0.0000,0,0.0000,NORMAL
1774194896.2363,92,60.6,0.0000,0.0000,0.0000,0.0000,0.0000,0.0000,0.0000,0,0,0.0000,0.0000,0,0.0000,NORMAL
1774194896.2595,93,43.0,0.0000,0.0000,0.0000,0.0000,0.0000,0.0000,0.0000,0,0,0.0000,0.0000,0,0.0000,NORMAL
1774194896.3256,94,14.9,0.0000,0.0000,0.0000,0.0000,0.0000,0.0000,0.0000,0,0,0.0000,0.0000,0,0.0000,NORMAL
1774194896.3440,95,53.2,0.0000,0.0000,0.0000,0.0000,0.0000,0.0000,0.0000,0,0,0.0000,0.0000,0,0.0000,NORMAL
1774194896.3623,96,51.9,0.0000,0.0000,0.0000,0.0000,0.0000,0.0000,0.0000,0,0,0.0000,0.0000,0,0.0000,NORMAL
1774194896.3813,97,54.9,0.0000,0.0000,0.0000,0.0000,0.0000,0.0000,0.0000,0,0,0.0000,0.0000,0,0.0000,NORMAL
1774194896.4692,98,11.6,0.0000,0.0000,0.0000,0.0000,0.0000,0.0000,0.0000,0,0,0.0000,0.0000,0,0.0000,NORMAL
1774194896.4863,99,59.0,0.0000,0.0000,0.0000,0.0000,0.0000,0.0000,0.0000,0,0,0.0000,0.0000,0,0.0000,NORMAL
1774194896.5094,100,47.6,0.0000,0.0000,0.0000,0.0000,0.0000,0.0000,0.0000,0,0,0.0000,0.0000,0,0.0000,NORMAL
1774194896.5404,101,32.1,0.0000,0.0000,0.0000,0.0000,0.0000,0.0000,0.0000,0,0,0.0000,0.0000,0,0.0000,NORMAL
1774194896.5972,102,16.2,0.2549,0.2876,0.2712,0.0002,0.9981,0.1013,0.2994,0,0,0.0000,0.0000,0,0.0000,NORMAL
1774194896.6172,103,66.0,0.2793,0.3015,0.2904,0.0026,0.9974,0.1020,0.2992,0,0,0.0000,0.0000,0,0.0000,NORMAL
1774194896.6355,104,48.1,0.3130,0.3047,0.3088,0.0014,0.9960,0.1032,0.2988,0,0,0.0000,0.0000,0,0.0000,NORMAL
1774194896.6655,105,38.0,0.2804,0.3187,0.2995,0.0053,0.9952,0.1037,0.2986,0,0,0.0000,0.0000,0,0.0000,NORMAL
1774194896.7259,106,15.5,0.2555,0.3125,0.2840,0.0203,0.9685,0.1043,0.2905,0,0,0.0000,0.0000,0,0.0000,NORMAL
1774194896.7434,107,65.7,0.2575,0.3391,0.2983,0.0171,0.9832,0.1046,0.2950,0,0,0.0000,0.0000,0,0.0000,NORMAL
1774194896.7744,108,32.9,0.2556,0.3435,0.2996,0.0095,0.9846,0.1109,0.2954,0,0,0.0000,0.0000,0,0.0000,NORMAL
1774194896.7904,109,60.5,0.2462,0.3354,0.2908,0.0085,0.9858,0.1104,0.2958,0,0,0.0000,0.0000,0,0.0000,NORMAL
1774194896.8690,110,12.7,0.2995,0.3267,0.3131,0.0690,0.9501,0.0982,0.2850,0,0,0.0000,0.0000,0,0.0000,NORMAL
1774194896.8849,111,66.7,0.3044,0.3161,0.3102,0.0167,0.9568,0.0979,0.2871,0,0,0.0000,0.0000,0,0.0000,NORMAL
1774194896.9149,112,31.9,0.2966,0.3184,0.3075,0.0159,0.9568,0.0984,0.2871,0,0,0.0000,0.0000,0,0.0000,NORMAL
1774194896.9309,113,60.6,0.3012,0.3172,0.3092,0.0136,0.9568,0.0953,0.2870,0,0,0.0000,0.0000,0,0.0000,NORMAL
1774194896.9975,114,15.2,0.3410,0.3299,0.3355,0.0210,0.9628,0.1013,0.2888,0,0,0.0000,0.0000,0,0.0000,NORMAL
1774194897.0256,115,35.8,0.3516,0.3288,0.3402,0.0058,0.9627,0.0905,0.2888,0,0,0.0000,0.0000,0,0.0000,NORMAL
1774194897.0650,116,25.4,0.3657,0.3259,0.3458,0.0102,0.9795,0.1051,0.2938,0,0,0.0000,0.0000,0,0.0000,NORMAL
1774194897.0880,117,44.7,0.3687,0.3243,0.3465,0.0080,0.9627,0.1051,0.2888,0,0,0.0000,0.0000,0,0.0000,NORMAL
1774194897.1250,118,25.5,0.3166,0.3244,0.3205,0.0090,0.9684,0.0910,0.2905,0,0,0.0000,0.0000,0,0.0000,NORMAL
1774194897.1525,119,39.5,0.3112,0.3214,0.3163,0.0087,0.9621,0.0872,0.2886,0,0,0.0000,0.0000,0,0.0000,NORMAL
1774194897.1675,120,64.2,0.3170,0.3176,0.3173,0.0098,0.9684,0.0917,0.2905,0,0,0.0000,0.0000,0,0.0000,NORMAL
1774194897.1835,121,66.7,0.3175,0.3222,0.3199,0.0086,0.9621,0.0995,0.2886,0,0,0.0000,0.0000,0,0.0000,NORMAL
1774194897.2699,122,11.4,0.3625,0.3108,0.3367,0.0118,0.9234,0.0899,0.2770,0,0,0.0000,0.0000,0,0.0000,NORMAL
1774194897.2857,123,66.4,0.3550,0.3053,0.3301,0.0113,0.9295,0.0908,0.2789,0,0,0.0000,0.0000,0,0.0000,NORMAL
1774194897.3007,124,71.2,0.3491,0.3073,0.3282,0.0116,0.9331,0.0902,0.2799,0,0,0.0000,0.0000,0,0.0000,NORMAL
1774194897.3267,125,38.5,0.3475,0.3071,0.3273,0.0116,0.9331,0.0886,0.2799,0,0,0.0000,0.0000,0,0.0000,NORMAL
1774194897.3972,126,13.9,0.3474,0.3480,0.3477,0.0114,0.9558,0.0835,0.2867,0,0,0.0000,0.0000,0,0.0000,NORMAL
1774194897.4128,127,68.3,0.3556,0.3333,0.3445,0.0324,0.9684,0.0846,0.2905,0,0,0.0000,0.0000,0,0.0000,NORMAL
1774194897.4363,128,39.1,0.3552,0.3344,0.3448,0.0131,0.9558,0.0880,0.2867,0,0,0.0000,0.0000,0,0.0000,NORMAL
1774194897.4533,129,60.4,0.3538,0.3378,0.3458,0.0098,0.9683,0.0856,0.2905,0,0,0.0000,0.0000,0,0.0000,NORMAL
1774194897.5260,130,13.8,0.3025,0.2833,0.2929,0.0153,0.9954,0.0904,0.2986,0,0,0.0000,0.0000,0,0.0000,NORMAL
1774194897.5425,131,60.3,0.2957,0.2922,0.2939,0.0116,0.9960,0.0858,0.2988,0,0,0.0000,0.0000,0,0.0000,NORMAL
1774194897.5585,132,60.5,0.2999,0.2923,0.2961,0.0110,0.9962,0.0800,0.2989,0,0,0.0000,0.0000,0,0.0000,NORMAL
1774194897.5755,133,67.3,0.3020,0.2907,0.2963,0.0115,0.9962,0.0820,0.2989,0,0,0.0000,0.0000,0,0.0000,NORMAL
1774194897.6691,134,10.4,0.3268,0.3172,0.3220,0.0327,0.9934,0.0952,0.2980,0,0,0.0000,0.0000,0,0.0000,NORMAL
1774194897.6861,135,69.9,0.3173,0.3098,0.3135,0.0287,0.9933,0.0912,0.2980,0,0,0.0000,0.0000,0,0.0000,NORMAL
1774194897.7016,136,61.8,0.3289,0.3151,0.3220,0.0253,0.9944,0.0900,0.2983,0,0,0.0000,0.0000,0,0.0000,NORMAL
1774194897.7204,137,55.0,0.3270,0.3118,0.3194,0.0547,0.9933,0.0912,0.2980,0,0,0.0000,0.0000,0,0.0000,NORMAL
1774194897.7971,138,12.7,0.3519,0.3065,0.3292,0.0102,0.9941,0.0938,0.2982,0,0,0.0000,0.0000,0,0.0000,NORMAL
1774194897.8140,139,59.1,0.3538,0.3075,0.3307,0.0281,0.9942,0.0963,0.2983,0,0,0.0000,0.0000,0,0.0000,NORMAL
1774194897.8301,140,71.4,0.3649,0.3039,0.3344,0.0354,0.9942,0.0949,0.2983,0,0,0.0000,0.0000,0,0.0000,NORMAL
1774194897.8456,141,63.6,0.3658,0.3056,0.3357,0.0331,0.9942,0.0949,0.2983,0,0,0.0000,0.0000,0,0.0000,NORMAL
1774194897.9433,142,10.1,0.3250,0.3316,0.3283,0.0054,0.9912,0.0877,0.2974,0,0,0.0000,0.0000,0,0.0000,NORMAL
1774194897.9582,143,67.3,0.3258,0.2967,0.3112,0.0052,0.9871,0.0980,0.2961,0,0,0.0000,0.0000,0,0.0000,NORMAL
1774194897.9852,144,38.2,0.3277,0.3041,0.3159,0.0051,0.9872,0.0907,0.2962,0,0,0.0000,0.0000,0,0.0000,NORMAL
1774194898.0012,145,59.4,0.3237,0.2982,0.3110,0.0048,0.9872,0.0923,0.2962,0,0,0.0000,0.0000,0,0.0000,NORMAL
1774194898.0696,146,14.5,0.3242,0.3139,0.3190,0.0161,0.9905,0.0876,0.2971,0,0,0.0000,0.0000,0,0.0000,NORMAL
1774194898.0856,147,69.2,0.3394,0.3162,0.3278,0.0054,0.9905,0.0935,0.2971,0,0,0.0000,0.0000,0,0.0000,NORMAL
1774194898.1096,148,41.6,0.3344,0.3120,0.3232,0.0057,0.9905,0.0835,0.2971,0,0,0.0000,0.0000,0,0.0000,NORMAL
1774194898.1402,149,31.7,0.3375,0.3121,0.3248,0.0047,0.9905,0.0862,0.2971,0,0,0.0000,0.0000,0,0.0000,NORMAL
1774194898.1972,150,17.5,0.3514,0.3326,0.3420,0.0199,0.9927,0.0905,0.2978,0,0,0.0000,0.0000,0,0.0000,NORMAL
1774194898.2132,151,61.4,0.3420,0.3332,0.3376,0.0088,0.9918,0.0881,0.2975,0,0,0.0000,0.0000,0,0.0000,NORMAL
1774194898.2322,152,47.9,0.3408,0.3347,0.3377,0.0096,0.9918,0.0921,0.2975,0,0,0.0000,0.0000,0,0.0000,NORMAL
1774194898.2627,153,37.0,0.3403,0.3354,0.3378,0.0257,0.9918,0.0896,0.2975,0,0,0.0000,0.0000,0,0.0000,NORMAL
1774194898.3413,154,12.5,0.3414,0.3280,0.3347,0.0032,0.9949,0.0855,0.2985,0,0,0.0000,0.0000,0,0.0000,NORMAL
1774194898.3573,155,62.3,0.3622,0.3276,0.3449,0.0061,0.9960,0.0852,0.2988,0,0,0.0000,0.0000,0,0.0000,NORMAL
1774194898.3863,156,36.0,0.3431,0.3346,0.3389,0.0197,0.9958,0.0867,0.2987,0,0,0.0000,0.0000,0,0.0000,NORMAL
1774194898.4163,157,31.6,0.3442,0.3332,0.3387,0.0195,0.9948,0.0867,0.2984,0,0,0.0000,0.0000,0,0.0000,NORMAL
1774194898.4690,158,19.1,0.2948,0.2872,0.2910,0.0069,0.9982,0.0902,0.2995,0,0,0.0000,0.0000,0,0.0000,NORMAL
1774194898.4850,159,64.8,0.2964,0.2848,0.2906,0.0100,0.9981,0.0902,0.2994,0,0,0.0000,0.0000,0,0.0000,NORMAL
1774194898.5120,160,38.0,0.2994,0.2875,0.2934,0.0087,0.9981,0.0902,0.2994,0,0,0.0000,0.0000,0,0.0000,NORMAL
1774194898.5280,161,61.8,0.2981,0.2852,0.2916,0.0157,0.9981,0.0902,0.2994,0,0,0.0000,0.0000,0,0.0000,NORMAL
1774194898.5992,162,13.8,0.2955,0.2832,0.2893,0.0035,0.9974,0.0902,0.2992,0,0,0.0000,0.0000,0,0.0000,NORMAL
1774194898.6152,163,63.7,0.2988,0.2782,0.2885,0.0027,0.9964,0.0912,0.2989,0,0,0.0000,0.0000,0,0.0000,NORMAL
1774194898.6377,164,47.0,0.2996,0.2753,0.2875,0.0030,0.9964,0.0883,0.2989,0,0,0.0000,0.0000,0,0.0000,NORMAL
1774194898.6537,165,65.0,0.2997,0.2751,0.2874,0.0036,0.9964,0.0912,0.2989,0,0,0.0000,0.0000,0,0.0000,NORMAL
1774194898.7412,166,11.4,0.3175,0.3114,0.3145,0.0032,0.9925,0.0881,0.2978,0,0,0.0000,0.0000,0,0.0000,NORMAL
1774194898.7632,167,42.7,0.3205,0.3114,0.3159,0.0045,0.9925,0.0903,0.2978,0,0,0.0000,0.0000,0,0.0000,NORMAL
1774194898.7792,168,67.4,0.3202,0.3131,0.3166,0.0044,0.9925,0.0861,0.2978,0,0,0.0000,0.0000,0,0.0000,NORMAL
1774194898.7953,169,58.1,0.3200,0.3132,0.3166,0.0045,0.9925,0.0861,0.2978,0,0,0.0000,0.0000,0,0.0000,NORMAL
1774194898.8696,170,13.4,0.2614,0.2193,0.2403,0.0554,0.9991,0.0940,0.2997,0,0,0.0000,0.0000,0,0.0000,NORMAL
1774194898.8856,171,68.4,0.2727,0.2317,0.2522,0.0417,0.9990,0.0993,0.2997,0,0,0.0000,0.0000,0,0.0000,NORMAL
1774194898.9036,172,50.7,0.2574,0.2088,0.2331,0.0586,0.9990,0.1027,0.2997,0,0,0.0000,0.0000,0,0.0000,NORMAL
1774194898.9196,173,72.3,0.2519,0.2171,0.2345,0.0455,0.9990,0.1033,0.2997,0,0,0.0000,0.0000,0,0.0000,NORMAL
1774194898.9965,174,9.1,0.2086,0.2396,0.2241,0.0598,0.9992,0.0933,0.2998,0,0,0.0000,0.0000,0,0.0000,NORMAL
1774194899.0449,175,62.5,0.2057,0.2202,0.2129,0.0480,0.9991,0.0926,0.2997,0,0,0.0000,0.0000,0,0.0000,NORMAL
1774194899.0752,176,33.6,0.2019,0.2277,0.2148,0.0242,0.9990,0.0926,0.2997,0,0,0.0000,0.0000,0,0.0000,NORMAL
1774194899.0903,177,64.9,0.1944,0.2206,0.2075,0.0126,0.9991,0.0921,0.9997,1,0,0.0000,0.0000,0,0.0000,NORMAL
1774194899.1417,178,18.9,0.1622,0.2173,0.1897,0.0129,0.9992,0.0791,0.9998,1,0,0.0516,0.0000,0,0.0000,NORMAL
1774194899.1667,179,39.9,0.1713,0.2039,0.1876,0.0103,0.9992,0.0832,0.9998,1,0,0.0765,0.0000,0,0.0000,NORMAL
1774194899.1827,180,66.8,0.1905,0.1958,0.1931,0.0115,0.9992,0.0836,0.9998,1,0,0.0935,0.0000,0,0.0000,NORMAL
1774194899.2138,181,32.4,0.1850,0.1965,0.1908,0.0101,0.9992,0.0835,0.9998,1,0,0.1245,0.0000,0,0.0000,NORMAL
1774194899.2693,182,17.6,0.1958,0.1764,0.1861,0.0076,0.9993,0.0905,0.9998,1,0,0.1796,0.0000,0,0.0000,NORMAL
1774194899.2929,183,45.7,0.2071,0.1740,0.1906,0.0059,0.9993,0.0917,0.9998,1,0,0.2027,0.0000,0,0.0000,NORMAL
1774194899.3088,184,62.6,0.2117,0.1751,0.1934,0.0058,0.9993,0.0911,0.9998,1,0,0.2186,0.0000,0,0.0000,NORMAL
1774194899.3248,185,53.3,0.2097,0.1762,0.1929,0.0050,0.9993,0.0917,0.9998,1,0,0.2356,0.0000,0,0.0000,NORMAL
1774194899.3989,186,13.8,0.2128,0.1413,0.1771,0.0105,0.9994,0.0852,0.9998,1,0,0.3087,0.0000,0,0.0000,NORMAL
1774194899.4199,187,51.4,0.2321,0.1512,0.1917,0.0078,0.9993,0.0878,0.9998,1,0,0.3297,0.0000,0,0.0000,NORMAL
1774194899.4359,188,59.3,0.2334,0.1501,0.1917,0.0075,0.9993,0.0878,0.9998,1,0,0.3462,0.0000,0,0.0000,NORMAL
1774194899.4664,189,32.5,0.2299,0.1452,0.1875,0.0081,0.9993,0.0878,0.9998,1,1,0.3762,0.0000,0,0.0053,ALERT
1774194899.5411,190,13.3,0.2275,0.2208,0.2242,0.0118,0.9993,0.0878,0.2998,0,0,0.0000,0.0000,0,0.0052,NORMAL
1774194899.5571,191,67.8,0.2194,0.2229,0.2212,0.0029,0.9994,0.0835,0.2998,0,0,0.0000,0.0000,0,0.0052,NORMAL
1774194899.5771,192,51.5,0.2169,0.2197,0.2183,0.0038,0.9994,0.0856,0.2998,0,0,0.0000,0.0000,0,0.0052,NORMAL
1774194899.5931,193,60.7,0.2205,0.2171,0.2188,0.0039,0.9994,0.0854,0.2998,0,0,0.0000,0.0000,0,0.0052,NORMAL
1774194899.6708,194,12.6,0.1867,0.1823,0.1845,0.0030,0.9994,0.1031,0.9998,1,0,0.0000,0.0000,0,0.0051,NORMAL
1774194899.6875,195,69.0,0.1862,0.1688,0.1775,0.0100,0.9993,0.1091,0.9998,1,0,0.0161,0.0000,0,0.0051,NORMAL
1774194899.7019,196,57.6,0.2156,0.1761,0.1958,0.0025,0.9994,0.0977,0.9998,1,0,0.0306,0.0000,0,0.0051,NORMAL
1774194899.7189,197,60.8,0.2118,0.1786,0.1952,0.0029,0.9994,0.0970,0.9998,1,0,0.0485,0.0000,0,0.0051,NORMAL
1774194899.7967,198,12.9,0.2050,0.1674,0.1862,0.0068,0.9993,0.0937,0.9998,1,0,0.1263,0.0000,0,0.0050,NORMAL
1774194899.8127,199,69.2,0.1968,0.1610,0.1789,0.0043,0.9993,0.0939,0.9998,1,0,0.1413,0.0000,0,0.0050,NORMAL
1774194899.8288,200,60.7,0.1936,0.1606,0.1771,0.0043,0.9993,0.0964,0.9998,1,0,0.1584,0.0000,0,0.0050,NORMAL
1774194899.8603,201,31.8,0.1959,0.1604,0.1781,0.0050,0.9993,0.0964,0.9998,1,0,0.1889,0.0000,0,0.0050,NORMAL
1774194899.9414,202,12.1,0.2058,0.2113,0.2086,0.0029,0.9993,0.0863,0.9998,1,0,0.2710,0.0000,0,0.0049,NORMAL
1774194899.9584,203,64.0,0.2300,0.2104,0.2202,0.0017,0.9993,0.0870,0.2998,0,0,0.0000,0.0000,0,0.0049,NORMAL
1774194899.9744,204,60.1,0.2322,0.2262,0.2292,0.0016,0.9993,0.0877,0.2998,0,0,0.0000,0.0000,0,0.0049,NORMAL
1774194899.9904,205,60.6,0.2320,0.2203,0.2262,0.0019,0.9993,0.0892,0.2998,0,0,0.0000,0.0000,0,0.0049,NORMAL
1774194900.0693,206,12.6,0.2638,0.1976,0.2307,0.0086,0.9990,0.0848,0.2997,0,0,0.0000,0.0000,0,0.0048,NORMAL
1774194900.0863,207,60.9,0.2577,0.1969,0.2273,0.0086,0.9990,0.0864,0.2997,0,0,0.0000,0.0000,0,0.0048,NORMAL
1774194900.1033,208,58.1,0.2514,0.2057,0.2285,0.0092,0.9990,0.0853,0.2997,0,0,0.0000,0.0000,0,0.0048,NORMAL
1774194900.1203,209,59.8,0.2507,0.2051,0.2279,0.0079,0.9990,0.0847,0.2997,0,0,0.0000,0.0000,0,0.0048,NORMAL
1774194900.1994,210,12.5,0.2486,0.2559,0.2522,0.0051,0.9978,0.1133,0.2993,0,0,0.0000,0.0000,0,0.0047,NORMAL
1774194900.2214,211,47.5,0.2352,0.2586,0.2469,0.0133,0.9978,0.1141,0.2993,0,0,0.0000,0.0000,0,0.0047,NORMAL
1774194900.2389,212,55.6,0.2504,0.2754,0.2629,0.0159,0.9982,0.1131,0.2995,0,0,0.0000,0.0000,0,0.0047,NORMAL
1774194900.2559,213,67.4,0.2513,0.2719,0.2616,0.0044,0.9980,0.1141,0.2994,0,0,0.0000,0.0000,0,0.0047,NORMAL
1774194900.3412,214,11.3,0.2773,0.2802,0.2787,0.0142,0.9982,0.1010,0.2995,0,0,0.0000,0.0000,0,0.0047,NORMAL
1774194900.3592,215,60.7,0.3458,0.3130,0.3294,0.0085,0.9988,0.0981,0.2996,0,0,0.0000,0.0000,0,0.0046,NORMAL
1774194900.3763,216,59.0,0.3621,0.3246,0.3433,0.0072,0.9988,0.0973,0.2997,0,0,0.0000,0.0000,0,0.0046,NORMAL
1774194900.3932,217,59.4,0.3663,0.3202,0.3433,0.0063,0.9988,0.0980,0.2996,0,0,0.0000,0.0000,0,0.0046,NORMAL
1774194900.4697,218,13.0,0.2391,0.2617,0.2504,0.0195,0.9991,0.1394,0.2997,0,0,0.0000,0.0000,0,0.0046,NORMAL
1774194900.4867,219,70.5,0.2353,0.2574,0.2464,0.0135,0.9991,0.1482,0.2997,0,0,0.0000,0.0000,0,0.0045,NORMAL
1774194900.5027,220,58.4,0.2382,0.2580,0.2481,0.0088,0.9990,0.1450,0.2997,0,0,0.0000,0.0000,0,0.0045,NORMAL
1774194900.5177,221,55.8,0.2369,0.2590,0.2480,0.0069,0.9991,0.1492,0.2997,0,0,0.0000,0.0000,0,0.0045,NORMAL
1774194900.5970,222,12.9,0.2667,0.2590,0.2629,0.0049,0.9982,0.3735,0.2995,0,0,0.0000,0.0000,0,0.0045,NORMAL
1774194900.6140,223,59.1,0.2691,0.2532,0.2612,0.0019,0.9984,0.3444,0.2995,0,0,0.0000,0.0000,0,0.0045,NORMAL
1774194900.6300,224,60.6,0.2776,0.2540,0.2658,0.0020,0.9983,0.3444,0.2995,0,0,0.0000,0.0000,0,0.0044,NORMAL
1774194900.6465,225,62.1,0.2769,0.2537,0.2653,0.0026,0.9983,0.3792,0.2995,0,0,0.0000,0.0000,0,0.0044,NORMAL
1774194900.7415,226,10.5,0.2958,0.2779,0.2869,0.0019,0.9951,0.4229,0.2985,0,0,0.0000,0.0000,0,0.0044,NORMAL
1774194900.7695,227,36.6,0.2865,0.2662,0.2763,0.0054,0.9951,0.7412,0.2985,0,0,0.0000,0.0000,0,0.0044,NORMAL
1774194900.7855,228,61.0,0.2948,0.2773,0.2860,0.0036,0.9934,0.7154,0.2980,0,0,0.0000,0.0000,0,0.0044,NORMAL
1774194900.8015,229,61.3,0.2944,0.2773,0.2859,0.0042,0.9950,0.7154,0.2985,0,0,0.0000,0.0000,0,0.0043,NORMAL
1774194900.8693,230,14.8,0.3039,0.2845,0.2942,0.0059,0.9957,0.4812,0.2987,0,0,0.0000,0.0000,0,0.0043,NORMAL
1774194900.8853,231,64.7,0.2947,0.2690,0.2819,0.0074,0.9968,0.4686,0.2990,0,0,0.0000,0.0000,0,0.0043,NORMAL
1774194900.9103,232,38.9,0.2824,0.2609,0.2716,0.0071,0.9968,0.5154,0.2990,0,0,0.0000,0.0000,0,0.0043,NORMAL
1774194900.9273,233,58.4,0.2833,0.2631,0.2732,0.0064,0.9968,0.5154,0.2990,0,0,0.0000,0.0000,0,0.0043,NORMAL
1774194900.9973,234,14.5,0.2869,0.2633,0.2751,0.0054,0.9807,0.5047,0.2942,0,0,0.0000,0.0000,0,0.0043,NORMAL
1774194901.0213,235,42.2,0.2815,0.2488,0.2651,0.0034,0.9847,0.6102,0.2954,0,0,0.0000,0.0000,0,0.0042,NORMAL
1774194901.0374,236,57.5,0.2735,0.2492,0.2613,0.0027,0.9847,0.5986,0.2954,0,0,0.0000,0.0000,0,0.0042,NORMAL
1774194901.0541,237,60.1,0.2730,0.2514,0.2622,0.0032,0.9847,0.5986,0.2954,0,0,0.0000,0.0000,0,0.0042,NORMAL
1774194901.1410,238,11.6,0.2401,0.2312,0.2357,0.0054,0.9947,0.5062,0.2984,0,0,0.0000,0.0000,0,0.0042,NORMAL
1774194901.1570,239,69.1,0.2378,0.2345,0.2362,0.0070,0.9947,0.4236,0.2984,0,0,0.0000,0.0000,0,0.0042,NORMAL
1774194901.1720,240,65.3,0.2386,0.2321,0.2353,0.0060,0.9947,0.4827,0.2984,0,0,0.0000,0.0000,0,0.0041,NORMAL
1774194901.1940,241,46.9,0.2402,0.2323,0.2363,0.0061,0.9947,0.4827,0.2984,0,0,0.0000,0.0000,0,0.0041,NORMAL
1774194901.2690,242,12.9,0.1415,0.1607,0.1511,0.0046,0.9988,0.1209,0.9996,1,0,0.0000,0.0000,0,0.0041,NORMAL
1774194901.2860,243,58.0,0.1679,0.1580,0.1630,0.0032,0.9988,0.1192,0.9996,1,0,0.0170,0.0000,0,0.0041,NORMAL
1774194901.3030,244,62.2,0.1651,0.1742,0.1697,0.0029,0.9988,0.1178,0.9996,1,0,0.0350,0.0000,0,0.0041,NORMAL
1774194901.3351,245,32.1,0.1729,0.1668,0.1698,0.0028,0.9988,0.1178,0.9996,1,0,0.0660,0.0000,0,0.0041,NORMAL
1774194901.3971,246,15.9,0.1521,0.2656,0.2089,0.0065,0.9991,0.1432,0.9997,1,0,0.1269,0.0000,0,0.0040,NORMAL
1774194901.4130,247,69.1,0.1768,0.2698,0.2233,0.0026,0.9992,0.1266,0.2998,0,0,0.0000,0.0000,0,0.0040,NORMAL
1774194901.4301,248,55.4,0.1717,0.2688,0.2202,0.0033,0.9992,0.1250,0.2998,0,0,0.0000,0.0000,0,0.0040,NORMAL
1774194901.4616,249,32.6,0.1726,0.2702,0.2214,0.0039,0.9992,0.1250,0.2998,0,0,0.0000,0.0000,0,0.0040,NORMAL
1774194901.5433,250,12.1,0.1886,0.2711,0.2298,0.0012,0.9993,0.1934,0.2998,0,0,0.0000,0.0000,0,0.0040,NORMAL
1774194901.5683,251,39.6,0.1598,0.2899,0.2249,0.0011,0.9993,0.2120,0.2998,0,0,0.0000,0.0000,0,0.0040,NORMAL
1774194901.6004,252,33.0,0.1693,0.2855,0.2274,0.0017,0.9993,0.2497,0.2998,0,0,0.0000,0.0000,0,0.0040,NORMAL
1774194901.6164,253,56.8,0.1652,0.2815,0.2234,0.0018,0.9993,0.2103,0.2998,0,0,0.0000,0.0000,0,0.0039,NORMAL
1774194901.6689,254,19.0,0.1571,0.2867,0.2219,0.0026,0.9992,0.2171,0.2998,0,0,0.0000,0.0000,0,0.0039,NORMAL
1774194901.6849,255,66.6,0.1494,0.2803,0.2148,0.0044,0.9993,0.2171,0.2998,0,0,0.0000,0.0000,0,0.0039,NORMAL
1774194901.7106,256,39.6,0.1567,0.2775,0.2171,0.0019,0.9993,0.2308,0.2998,0,0,0.0000,0.0000,0,0.0039,NORMAL
1774194901.7403,257,34.3,0.1534,0.2807,0.2170,0.0043,0.9993,0.2171,0.2998,0,0,0.0000,0.0000,0,0.0039,NORMAL
1774194901.8135,258,13.5,0.1564,0.2819,0.2192,0.0047,0.9992,0.1330,0.2997,0,0,0.0000,0.0000,0,0.0039,NORMAL
1774194901.8355,259,46.6,0.1370,0.2638,0.2004,0.0034,0.9991,0.1213,0.9997,1,0,0.0000,0.0000,0,0.0038,NORMAL
1774194901.8511,260,65.3,0.1401,0.2645,0.2023,0.0040,0.9991,0.1330,0.9997,1,0,0.0155,0.0000,0,0.0038,NORMAL
1774194901.8671,261,60.6,0.1406,0.2648,0.2027,0.0042,0.9991,0.1330,0.9997,1,0,0.0315,0.0000,0,0.0038,NORMAL
1774194901.9409,262,13.1,0.2286,0.2450,0.2368,0.0027,0.9975,0.2109,0.2992,0,0,0.0000,0.0000,0,0.0038,NORMAL
1774194901.9579,263,60.4,0.2260,0.2373,0.2317,0.0041,0.9980,0.1704,0.2994,0,0,0.0000,0.0000,0,0.0038,NORMAL
1774194901.9739,264,69.8,0.2252,0.2479,0.2366,0.0021,0.9980,0.1912,0.2994,0,0,0.0000,0.0000,0,0.0038,NORMAL
1774194901.9909,265,56.7,0.2243,0.2481,0.2362,0.0020,0.9980,0.1912,0.2994,0,0,0.0000,0.0000,0,0.0038,NORMAL
1774194902.0719,266,12.2,0.2583,0.2553,0.2568,0.0084,0.9913,0.3005,0.2974,0,0,0.0000,0.0000,0,0.0037,NORMAL
1774194902.0879,267,57.7,0.2619,0.2456,0.2538,0.0053,0.9928,0.3882,0.2978,0,0,0.0000,0.0000,0,0.0037,NORMAL
1774194902.1179,268,36.1,0.2579,0.2495,0.2537,0.0059,0.9928,0.3882,0.2978,0,0,0.0000,0.0000,0,0.0037,NORMAL
1774194902.1486,269,32.6,0.2572,0.2471,0.2522,0.0056,0.9928,0.3882,0.2978,0,0,0.0000,0.0000,0,0.0037,NORMAL
1774194902.2122,270,15.7,0.2630,0.2559,0.2595,0.0039,0.9711,0.5164,0.2913,0,0,0.0000,0.0000,0,0.0037,NORMAL
1774194902.2427,271,34.1,0.2590,0.2481,0.2536,0.0056,0.9711,0.5597,0.2913,0,0,0.0000,0.0000,0,0.0037,NORMAL
1774194902.2587,272,62.8,0.2528,0.2467,0.2498,0.0051,0.9762,0.5402,0.2929,0,0,0.0000,0.0000,0,0.0037,NORMAL
1774194902.2746,273,59.3,0.2537,0.2472,0.2504,0.0059,0.9762,0.5402,0.2929,0,0,0.0000,0.0000,0,0.0036,NORMAL
1774194902.3413,274,14.6,0.2411,0.2549,0.2480,0.0040,0.9845,0.4678,0.2954,0,0,0.0000,0.0000,0,0.0036,NORMAL
1774194902.3693,275,38.1,0.2400,0.2480,0.2440,0.0021,0.9845,0.4365,0.2954,0,0,0.0000,0.0000,0,0.0036,NORMAL
1774194902.3843,276,62.0,0.2441,0.2487,0.2464,0.0023,0.9846,0.4574,0.2954,0,0,0.0000,0.0000,0,0.0036,NORMAL
1774194902.4163,277,32.3,0.2467,0.2487,0.2477,0.0040,0.9846,0.4574,0.2954,0,0,0.0000,0.0000,0,0.0036,NORMAL
1774194902.4689,278,18.9,0.2656,0.2604,0.2630,0.0058,0.9857,0.3357,0.2957,0,0,0.0000,0.0000,0,0.0036,NORMAL
1774194902.4939,279,42.2,0.2481,0.2457,0.2469,0.0039,0.9857,0.3799,0.2957,0,0,0.0000,0.0000,0,0.0036,NORMAL
1774194902.5240,280,33.1,0.2471,0.2452,0.2462,0.0038,0.9810,0.3799,0.2943,0,0,0.0000,0.0000,0,0.0036,NORMAL
1774194902.5399,281,61.9,0.2466,0.2457,0.2462,0.0038,0.9810,0.3799,0.2943,0,0,0.0000,0.0000,0,0.0035,NORMAL
1774194902.6130,282,13.3,0.2498,0.2411,0.2455,0.0029,0.9644,0.4011,0.2893,0,0,0.0000,0.0000,0,0.0035,NORMAL
1774194902.6290,283,63.6,0.2503,0.2334,0.2418,0.0031,0.9654,0.4027,0.2896,0,0,0.0000,0.0000,0,0.0035,NORMAL
1774194902.6505,284,48.9,0.2503,0.2318,0.2411,0.0033,0.9654,0.4027,0.2896,0,0,0.0000,0.0000,0,0.0035,NORMAL
1774194902.6666,285,60.9,0.2503,0.2333,0.2418,0.0033,0.9719,0.4027,0.2916,0,0,0.0000,0.0000,0,0.0035,NORMAL
1774194902.7414,286,13.3,0.2615,0.2437,0.2526,0.0037,0.9384,0.4971,0.2815,0,0,0.0000,0.0000,0,0.0035,NORMAL
1774194902.8768,287,7.3,0.2527,0.2584,0.2555,0.0043,0.9647,0.5234,0.2894,0,0,0.0000,0.0000,0,0.0035,NORMAL
1774194903.0135,288,7.3,0.2545,0.2531,0.2538,0.0048,0.9761,0.4932,0.2928,0,0,0.0000,0.0000,0,0.0035,NORMAL
1774194903.0451,289,30.6,0.2532,0.2617,0.2575,0.0015,0.9852,0.4932,0.2956,0,0,0.0000,0.0000,0,0.0034,NORMAL
1774194903.0635,290,50.7,0.2552,0.2549,0.2551,0.0028,0.9745,0.4932,0.2924,0,0,0.0000,0.0000,0,0.0034,NORMAL
1774194903.0835,291,60.8,0.2535,0.2567,0.2551,0.0027,0.9859,0.4932,0.2958,0,0,0.0000,0.0000,0,0.0034,NORMAL
1774194903.1440,292,15.2,0.2925,0.2657,0.2791,0.0015,0.9853,0.6269,0.2956,0,0,0.0000,0.0000,0,0.0034,NORMAL
1774194903.1660,293,47.5,0.2779,0.2487,0.2633,0.0010,0.9801,0.6269,0.2940,0,0,0.0000,0.0000,0,0.0034,NORMAL
1774194903.1870,294,47.8,0.2766,0.2470,0.2618,0.0011,0.9801,0.6269,0.2940,0,0,0.0000,0.0000,0,0.0034,NORMAL
1774194903.2070,295,62.2,0.2761,0.2454,0.2608,0.0011,0.9801,0.6269,0.2940,0,0,0.0000,0.0000,0,0.0034,NORMAL
1774194903.2690,296,16.1,0.2803,0.2629,0.2716,0.0036,0.8842,0.6511,0.2653,0,0,0.0000,0.0000,0,0.0034,NORMAL
1774194903.2940,297,39.8,0.2628,0.2613,0.2621,0.0039,0.8841,0.6663,0.2652,0,0,0.0000,0.0000,0,0.0034,NORMAL
1774194903.3111,298,54.3,0.2664,0.2605,0.2635,0.0049,0.8842,0.6663,0.2653,0,0,0.0000,0.0000,0,0.0033,NORMAL
1774194903.3291,299,55.5,0.2683,0.2607,0.2645,0.0052,0.8842,0.6663,0.2653,0,0,0.0000,0.0000,0,0.0033,NORMAL
1774194903.4134,300,11.8,0.2794,0.2649,0.2722,0.0042,0.9665,0.5777,0.2900,0,0,0.0000,0.0000,0,0.0033,NORMAL
1774194903.4354,301,41.2,0.2807,0.2663,0.2735,0.0032,0.9250,0.5914,0.2775,0,0,0.0000,0.0000,0,0.0033,NORMAL
1774194903.4559,302,37.7,0.2774,0.2656,0.2715,0.0044,0.9666,0.5777,0.2900,0,0,0.0000,0.0000,0,0.0033,NORMAL
1774194903.4829,303,51.6,0.2776,0.2647,0.2711,0.0043,0.9666,0.5777,0.2900,0,0,0.0000,0.0000,0,0.0033,NORMAL
1774194903.5410,304,17.6,0.2786,0.2602,0.2694,0.0038,0.9568,0.4903,0.2870,0,0,0.0000,0.0000,0,0.0033,NORMAL
1774194903.5634,305,44.0,0.2803,0.2621,0.2712,0.0041,0.9568,0.4903,0.2870,0,0,0.0000,0.0000,0,0.0033,NORMAL
1774194903.5825,306,60.7,0.2817,0.2626,0.2722,0.0039,0.9568,0.4903,0.2870,0,0,0.0000,0.0000,0,0.0033,NORMAL
1774194903.5984,307,56.4,0.2801,0.2624,0.2713,0.0036,0.9568,0.4903,0.2870,0,0,0.0000,0.0000,0,0.0032,NORMAL
1774194903.6697,308,13.9,0.2849,0.2740,0.2794,0.0056,0.9415,0.5437,0.2825,0,0,0.0000,0.0000,0,0.0032,NORMAL
1774194903.6917,309,44.9,0.2863,0.2713,0.2788,0.0058,0.9415,0.5437,0.2825,0,0,0.0000,0.0000,0,0.0032,NORMAL
1774194903.7102,310,59.9,0.2875,0.2727,0.2801,0.0059,0.9415,0.5437,0.2825,0,0,0.0000,0.0000,0,0.0032,NORMAL
1774194903.7259,311,59.3,0.2877,0.2719,0.2798,0.0056,0.9415,0.5437,0.2825,0,0,0.0000,0.0000,0,0.0032,NORMAL
1774194903.8144,312,11.3,0.2762,0.2663,0.2713,0.0016,0.8984,0.4996,0.2695,0,0,0.0000,0.0000,0,0.0032,NORMAL
1774194903.8439,313,33.4,0.2797,0.2706,0.2752,0.0004,0.8984,0.6228,0.2695,0,0,0.0000,0.0000,0,0.0032,NORMAL
1774194903.8639,314,51.8,0.2810,0.2684,0.2747,0.0008,0.8984,0.6228,0.2695,0,0,0.0000,0.0000,0,0.0032,NORMAL
1774194903.8809,315,56.1,0.2823,0.2690,0.2757,0.0005,0.8984,0.5763,0.2695,0,0,0.0000,0.0000,0,0.0032,NORMAL
1774194903.9419,316,16.6,0.2666,0.2613,0.2640,0.0016,0.9569,0.7023,0.2871,0,0,0.0000,0.0000,0,0.0032,NORMAL
1774194903.9612,317,55.1,0.2664,0.2589,0.2626,0.0029,0.9569,0.6898,0.2871,0,0,0.0000,0.0000,0,0.0031,NORMAL
1774194903.9772,318,61.5,0.2669,0.2584,0.2626,0.0034,0.9569,0.6898,0.2871,0,0,0.0000,0.0000,0,0.0031,NORMAL
1774194904.0022,319,39.2,0.2667,0.2571,0.2619,0.0036,0.9569,0.6898,0.2871,0,0,0.0000,0.0000,0,0.0031,NORMAL
1774194904.0688,320,15.0,0.2502,0.2387,0.2445,0.0077,0.9874,0.5642,0.2962,0,0,0.0000,0.0000,0,0.0031,NORMAL
1774194904.0959,321,35.9,0.2524,0.2448,0.2486,0.0099,0.9765,0.6011,0.2930,0,0,0.0000,0.0000,0,0.0031,NORMAL
1774194904.2140,322,8.5,0.2530,0.2394,0.2462,0.0044,0.9889,0.5651,0.2967,0,0,0.0000,0.0000,0,0.0031,NORMAL
1774194904.2310,323,55.5,0.2581,0.2582,0.2581,0.0028,0.9933,0.5651,0.2980,0,0,0.0000,0.0000,0,0.0031,NORMAL
1774194904.2496,324,59.2,0.2537,0.2532,0.2535,0.0026,0.9898,0.5609,0.2969,0,0,0.0000,0.0000,0,0.0031,NORMAL
1774194904.3410,325,10.8,0.2751,0.2544,0.2648,0.0043,0.9890,0.3672,0.2967,0,0,0.0000,0.0000,0,0.0031,NORMAL
1774194904.3585,326,55.1,0.2596,0.2409,0.2502,0.0024,0.9851,0.4309,0.2955,0,0,0.0000,0.0000,0,0.0031,NORMAL
1774194904.3785,327,60.0,0.2593,0.2402,0.2498,0.0033,0.9851,0.3736,0.2955,0,0,0.0000,0.0000,0,0.0030,NORMAL
1774194904.3935,328,64.2,0.2588,0.2402,0.2495,0.0031,0.9851,0.3736,0.2955,0,0,0.0000,0.0000,0,0.0030,NORMAL
1774194904.4716,329,12.6,0.2657,0.2610,0.2634,0.0057,0.9912,0.3961,0.2974,0,0,0.0000,0.0000,0,0.0030,NORMAL
1774194904.4896,330,59.6,0.2629,0.2514,0.2571,0.0044,0.9874,0.5583,0.2962,0,0,0.0000,0.0000,0,0.0030,NORMAL
1774194904.6139,331,8.0,0.2465,0.2648,0.2557,0.0062,0.9899,0.3133,0.2970,0,0,0.0000,0.0000,0,0.0030,NORMAL
1774194904.6300,332,65.9,0.2502,0.2557,0.2530,0.0047,0.9893,0.3379,0.2968,0,0,0.0000,0.0000,0,0.0030,NORMAL
1774194904.6454,333,59.4,0.2478,0.2530,0.2504,0.0054,0.9893,0.3379,0.2968,0,0,0.0000,0.0000,0,0.0030,NORMAL
1774194904.7445,334,10.1,0.2587,0.2554,0.2570,0.0020,0.9916,0.3302,0.2975,0,0,0.0000,0.0000,0,0.0030,NORMAL
1774194904.7675,335,44.5,0.2640,0.2551,0.2596,0.0028,0.9916,0.3233,0.2975,0,0,0.0000,0.0000,0,0.0030,NORMAL
1774194904.7985,336,33.8,0.2608,0.2570,0.2589,0.0036,0.9916,0.3676,0.2975,0,0,0.0000,0.0000,0,0.0030,NORMAL
1774194904.8285,337,33.6,0.2618,0.2521,0.2569,0.0030,0.9916,0.3676,0.2975,0,0,0.0000,0.0000,0,0.0030,NORMAL
1774194904.8690,338,24.5,0.2578,0.2544,0.2561,0.0029,0.9894,0.3561,0.2968,0,0,0.0000,0.0000,0,0.0029,NORMAL
1774194904.8840,339,57.4,0.2622,0.2558,0.2590,0.0047,0.9894,0.3561,0.2968,0,0,0.0000,0.0000,0,0.0029,NORMAL
1774194905.0131,340,7.8,0.2510,0.2605,0.2558,0.0043,0.9935,0.3144,0.2980,0,0,0.0000,0.0000,0,0.0029,NORMAL
1774194905.0301,341,55.8,0.2531,0.2517,0.2524,0.0036,0.9935,0.3144,0.2980,0,0,0.0000,0.0000,0,0.0029,NORMAL
1774194905.0477,342,63.8,0.2548,0.2518,0.2533,0.0035,0.9935,0.3144,0.2980,0,0,0.0000,0.0000,0,0.0029,NORMAL
1774194905.1410,343,10.6,0.2668,0.2472,0.2570,0.0026,0.9912,0.3069,0.2974,0,0,0.0000,0.0000,0,0.0029,NORMAL
1774194905.1585,344,56.7,0.2625,0.2468,0.2546,0.0037,0.9911,0.3238,0.2973,0,0,0.0000,0.0000,0,0.0029,NORMAL
1774194905.1885,345,35.5,0.2617,0.2487,0.2552,0.0041,0.9902,0.3414,0.2971,0,0,0.0000,0.0000,0,0.0029,NORMAL
1774194905.2065,346,40.5,0.2641,0.2498,0.2570,0.0041,0.9902,0.3414,0.2971,0,0,0.0000,0.0000,0,0.0029,NORMAL
1774194905.2818,347,14.3,0.2872,0.2627,0.2750,0.0037,0.9942,0.2895,0.2983,0,0,0.0000,0.0000,0,0.0029,NORMAL
1774194905.3138,348,31.5,0.2827,0.2556,0.2691,0.0031,0.9944,0.2895,0.2983,0,0,0.0000,0.0000,0,0.0029,NORMAL
1774194905.4219,349,9.4,0.2787,0.2552,0.2669,0.0031,0.9966,0.2510,0.2990,0,0,0.0000,0.0000,0,0.0029,NORMAL
1774194905.4534,350,30.7,0.2837,0.2557,0.2697,0.0059,0.9964,0.2488,0.2989,0,0,0.0000,0.0000,0,0.0028,NORMAL
1774194905.4844,351,33.1,0.2844,0.2525,0.2685,0.0039,0.9964,0.2273,0.2989,0,0,0.0000,0.0000,0,0.0028,NORMAL
1774194905.5463,352,15.7,0.2543,0.2349,0.2446,0.0017,0.9987,0.2059,0.2996,0,0,0.0000,0.0000,0,0.0028,NORMAL
1774194905.5773,353,32.2,0.2520,0.2352,0.2436,0.0009,0.9986,0.2748,0.2996,0,0,0.0000,0.0000,0,0.0028,NORMAL
1774194905.6083,354,32.8,0.2474,0.2290,0.2382,0.0011,0.9986,0.2395,0.2996,0,0,0.0000,0.0000,0,0.0028,NORMAL
1774194905.6384,355,35.0,0.2499,0.2320,0.2409,0.0009,0.9986,0.2748,0.2996,0,0,0.0000,0.0000,0,0.0028,NORMAL
1774194905.6699,356,29.5,0.1905,0.2124,0.2015,0.0020,0.9994,0.0979,0.9998,1,0,0.0000,0.0000,0,0.0028,NORMAL
1774194905.7009,357,34.6,0.1708,0.2097,0.1902,0.0038,0.9994,0.0943,0.9998,1,0,0.0305,0.0000,0,0.0028,NORMAL
1774194905.8255,358,7.9,0.2079,0.2892,0.2485,0.0118,0.9994,0.1061,0.2998,0,0,0.0000,0.0000,0,0.0028,NORMAL
1774194905.8420,359,57.3,0.1690,0.2479,0.2084,0.0071,0.9994,0.1029,0.9998,1,0,0.0000,0.0000,0,0.0028,NORMAL
1774194905.8890,360,22.4,0.1690,0.2710,0.2200,0.0059,0.9994,0.1041,0.2998,0,0,0.0000,0.0000,0,0.0028,NORMAL
1774194905.9511,361,15.8,0.1949,0.2323,0.2136,0.0007,0.9995,0.1323,0.2998,0,0,0.0000,0.0000,0,0.0028,NORMAL
1774194905.9831,362,32.7,0.2041,0.2630,0.2335,0.0020,0.9995,0.1147,0.2998,0,0,0.0000,0.0000,0,0.0028,NORMAL
1774194906.0151,363,30.3,0.2032,0.2335,0.2184,0.0020,0.9995,0.1166,0.2998,0,0,0.0000,0.0000,0,0.0027,NORMAL
1774194906.0466,364,30.6,0.2027,0.2253,0.2140,0.0024,0.9994,0.1171,0.2998,0,0,0.0000,0.0000,0,0.0027,NORMAL
1774194906.0936,365,21.3,0.1441,0.2438,0.1940,0.0013,0.9994,0.1177,0.9998,1,0,0.0000,0.0000,0,0.0027,NORMAL
1774194906.1256,366,32.0,0.1282,0.2896,0.2089,0.0053,0.9994,0.1290,0.9998,1,0,0.0320,0.0000,0,0.0027,NORMAL
1774194906.2196,367,10.6,0.1843,0.3046,0.2444,0.0023,0.9994,0.1030,0.2998,0,0,0.0000,0.0000,0,0.0027,NORMAL
1774194906.2511,368,33.3,0.1868,0.2983,0.2425,0.0006,0.9994,0.0937,0.2998,0,0,0.0000,0.0000,0,0.0027,NORMAL
1774194906.2671,369,58.8,0.1882,0.2990,0.2436,0.0004,0.9993,0.1065,0.2998,0,0,0.0000,0.0000,0,0.0027,NORMAL
1774194906.3459,370,12.6,0.2172,0.2525,0.2348,0.0029,0.9993,0.1173,0.2998,0,0,0.0000,0.0000,0,0.0027,NORMAL
1774194906.3779,371,31.9,0.2355,0.2429,0.2392,0.0012,0.9992,0.1152,0.2998,0,0,0.0000,0.0000,0,0.0027,NORMAL
1774194906.4089,372,32.3,0.2324,0.2426,0.2375,0.0008,0.9992,0.1173,0.2998,0,0,0.0000,0.0000,0,0.0027,NORMAL
1774194906.4389,373,34.3,0.2238,0.2425,0.2331,0.0011,0.9992,0.1073,0.2998,0,0,0.0000,0.0000,0,0.0027,NORMAL
1774194906.4854,374,21.4,0.2440,0.2433,0.2436,0.0013,0.9991,0.1542,0.2997,0,0,0.0000,0.0000,0,0.0027,NORMAL
1774194906.5174,375,31.1,0.2304,0.2473,0.2389,0.0026,0.9992,0.1476,0.2997,0,0,0.0000,0.0000,0,0.0027,NORMAL
1774194906.6264,376,9.0,0.2597,0.2580,0.2589,0.0048,0.9990,0.1677,0.2997,0,0,0.0000,0.0000,0,0.0027,NORMAL
1774194906.6591,377,33.3,0.2616,0.2526,0.2571,0.0037,0.9990,0.1661,0.2997,0,0,0.0000,0.0000,0,0.0026,NORMAL
1774194906.6900,378,31.8,0.2615,0.2566,0.2591,0.0033,0.9990,0.1661,0.2997,0,0,0.0000,0.0000,0,0.0026,NORMAL
1774194906.7522,379,15.8,0.2504,0.2400,0.2452,0.0029,0.9991,0.2098,0.2997,0,0,0.0000,0.0000,0,0.0026,NORMAL
1774194906.7842,380,30.3,0.2466,0.2273,0.2369,0.0051,0.9992,0.1894,0.2998,0,0,0.0000,0.0000,0,0.0026,NORMAL
1774194906.8162,381,34.4,0.2418,0.2231,0.2324,0.0041,0.9992,0.2062,0.2998,0,0,0.0000,0.0000,0,0.0026,NORMAL
1774194906.8478,382,29.5,0.2429,0.2251,0.2340,0.0046,0.9992,0.2062,0.2998,0,0,0.0000,0.0000,0,0.0026,NORMAL
1774194906.8948,383,21.2,0.2605,0.2541,0.2573,0.0030,0.9990,0.2193,0.2997,0,0,0.0000,0.0000,0,0.0026,NORMAL
1774194906.9258,384,32.6,0.2562,0.2590,0.2576,0.0029,0.9990,0.2131,0.2997,0,0,0.0000,0.0000,0,0.0026,NORMAL
1774194907.0186,385,10.8,0.2551,0.2602,0.2576,0.0046,0.9989,0.4113,0.2997,0,0,0.0000,0.0000,0,0.0026,NORMAL
1774194907.0497,386,33.3,0.2536,0.2677,0.2607,0.0074,0.9989,0.4113,0.2997,0,0,0.0000,0.0000,0,0.0026,NORMAL
1774194907.0812,387,30.9,0.2524,0.2689,0.2607,0.0069,0.9989,0.4113,0.2997,0,0,0.0000,0.0000,0,0.0026,NORMAL
1774194907.1436,388,16.1,0.2454,0.2579,0.2516,0.0046,0.9987,0.3867,0.2996,0,0,0.0000,0.0000,0,0.0026,NORMAL
1774194907.1596,389,53.1,0.2451,0.2767,0.2609,0.0016,0.9987,0.4048,0.2996,0,0,0.0000,0.0000,0,0.0026,NORMAL
1774194907.1906,390,34.6,0.2437,0.2775,0.2606,0.0025,0.9987,0.3192,0.2996,0,0,0.0000,0.0000,0,0.0026,NORMAL
1774194907.2217,391,32.6,0.2454,0.2741,0.2597,0.0018,0.9987,0.3867,0.2996,0,0,0.0000,0.0000,0,0.0026,NORMAL
1774194907.2973,392,13.3,0.2656,0.2544,0.2600,0.0037,0.9989,0.4133,0.2997,0,0,0.0000,0.0000,0,0.0025,NORMAL
1774194907.3293,393,31.3,0.2763,0.2629,0.2696,0.0026,0.9988,0.3811,0.2996,0,0,0.0000,0.0000,0,0.0025,NORMAL
1774194907.4231,394,10.5,0.2615,0.2622,0.2619,0.0026,0.9986,0.3614,0.2996,0,0,0.0000,0.0000,0,0.0025,NORMAL
1774194907.4698,395,21.7,0.2601,0.2550,0.2576,0.0011,0.9986,0.3614,0.2996,0,0,0.0000,0.0000,0,0.0025,NORMAL
1774194907.4858,396,57.2,0.2581,0.2535,0.2558,0.0020,0.9986,0.3614,0.2996,0,0,0.0000,0.0000,0,0.0025,NORMAL
1774194907.5408,397,19.2,0.2808,0.2582,0.2695,0.0024,0.9975,0.3353,0.2992,0,0,0.0000,0.0000,0,0.0025,NORMAL
1774194907.5571,398,61.7,0.2886,0.2587,0.2736,0.0010,0.9974,0.3093,0.2992,0,0,0.0000,0.0000,0,0.0025,NORMAL
1774194907.5831,399,38.0,0.2862,0.2603,0.2733,0.0008,0.9974,0.3812,0.2992,0,0,0.0000,0.0000,0,0.0025,NORMAL
1774194907.5991,400,61.7,0.2866,0.2599,0.2732,0.0009,0.9974,0.3812,0.2992,0,0,0.0000,0.0000,0,0.0025,NORMAL
1774194907.6859,401,11.3,0.2797,0.2599,0.2698,0.0032,0.9963,0.5100,0.2989,0,0,0.0000,0.0000,0,0.0025,NORMAL
1774194907.7030,402,56.4,0.2847,0.2594,0.2721,0.0023,0.9967,0.3877,0.2990,0,0,0.0000,0.0000,0,0.0025,NORMAL
1774194907.8132,403,9.2,0.2779,0.2444,0.2612,0.0046,0.9932,0.3471,0.2980,0,0,0.0000,0.0000,0,0.0025,NORMAL
1774194907.8332,404,50.2,0.2837,0.2462,0.2650,0.0018,0.9948,0.3471,0.2984,0,0,0.0000,0.0000,0,0.0025,NORMAL
1774194907.8667,405,26.4,0.2851,0.2459,0.2655,0.0023,0.9956,0.3471,0.2987,0,0,0.0000,0.0000,0,0.0025,NORMAL
1774194907.9422,406,14.1,0.2634,0.2415,0.2525,0.0051,0.9874,0.4470,0.2962,0,0,0.0000,0.0000,0,0.0025,NORMAL
1774194907.9577,407,64.9,0.2838,0.2426,0.2632,0.0029,0.9868,0.3852,0.2960,0,0,0.0000,0.0000,0,0.0025,NORMAL
1774194908.0860,408,7.8,0.2671,0.2358,0.2514,0.0025,0.9942,0.3681,0.2983,0,0,0.0000,0.0000,0,0.0024,NORMAL
1774194908.1010,409,66.7,0.2824,0.2456,0.2640,0.0045,0.9942,0.3956,0.2983,0,0,0.0000,0.0000,0,0.0024,NORMAL
1774194908.1160,410,64.4,0.2828,0.2482,0.2655,0.0040,0.9942,0.3956,0.2983,0,0,0.0000,0.0000,0,0.0024,NORMAL
1774194908.1310,411,66.4,0.2821,0.2493,0.2657,0.0043,0.9942,0.3956,0.2983,0,0,0.0000,0.0000,0,0.0024,NORMAL
1774194908.2139,412,12.1,0.2618,0.2521,0.2569,0.0035,0.9866,0.3509,0.2960,0,0,0.0000,0.0000,0,0.0024,NORMAL
1774194908.2289,413,64.9,0.2640,0.2579,0.2610,0.0042,0.9848,0.3470,0.2954,0,0,0.0000,0.0000,0,0.0024,NORMAL
1774194908.2439,414,66.6,0.2650,0.2568,0.2609,0.0042,0.9866,0.3470,0.2960,0,0,0.0000,0.0000,0,0.0024,NORMAL
1774194908.3406,415,10.4,0.2629,0.2474,0.2551,0.0063,0.9870,0.2774,0.2961,0,0,0.0000,0.0000,0,0.0024,NORMAL
1774194908.3561,416,65.2,0.2632,0.2419,0.2525,0.0055,0.9870,0.2749,0.2961,0,0,0.0000,0.0000,0,0.0024,NORMAL
1774194908.4857,417,7.7,0.2648,0.2557,0.2603,0.0052,0.9933,0.3640,0.2980,0,0,0.0000,0.0000,0,0.0024,NORMAL
1774194908.5007,418,61.5,0.2672,0.2493,0.2583,0.0076,0.9931,0.4017,0.2979,0,0,0.0000,0.0000,0,0.0024,NORMAL
1774194908.5187,419,61.7,0.2696,0.2505,0.2601,0.0064,0.9931,0.3957,0.2979,0,0,0.0000,0.0000,0,0.0024,NORMAL
1774194908.5493,420,32.6,0.2694,0.2505,0.2599,0.0062,0.9931,0.3957,0.2979,0,0,0.0000,0.0000,0,0.0024,NORMAL
1774194908.6128,421,15.8,0.2785,0.2506,0.2646,0.0054,0.9908,0.4138,0.2973,0,0,0.0000,0.0000,0,0.0024,NORMAL
1774194908.6288,422,62.0,0.2783,0.2541,0.2662,0.0079,0.9908,0.4138,0.2972,0,0,0.0000,0.0000,0,0.0024,NORMAL
1774194908.6448,423,59.5,0.2789,0.2561,0.2675,0.0078,0.9908,0.4138,0.2972,0,0,0.0000,0.0000,0,0.0024,NORMAL
1774194908.7437,424,10.2,0.2656,0.2461,0.2559,0.0048,0.9923,0.3672,0.2977,0,0,0.0000,0.0000,0,0.0024,NORMAL
1774194908.7703,425,38.1,0.2665,0.2509,0.2587,0.0034,0.9923,0.3672,0.2977,0,0,0.0000,0.0000,0,0.0023,NORMAL
1774194908.8877,426,8.5,0.2749,0.2416,0.2583,0.0033,0.9902,0.4202,0.2971,0,0,0.0000,0.0000,0,0.0023,NORMAL
1774194908.9107,427,42.8,0.2748,0.2437,0.2592,0.0037,0.9903,0.4185,0.2971,0,0,0.0000,0.0000,0,0.0023,NORMAL
1774194908.9267,428,59.5,0.2690,0.2420,0.2555,0.0043,0.9890,0.4185,0.2967,0,0,0.0000,0.0000,0,0.0023,NORMAL
1774194908.9582,429,33.3,0.2707,0.2431,0.2569,0.0044,0.9903,0.4185,0.2971,0,0,0.0000,0.0000,0,0.0023,NORMAL
1774194909.0132,430,18.0,0.2654,0.2408,0.2531,0.0044,0.9903,0.3334,0.2971,0,0,0.0000,0.0000,0,0.0023,NORMAL
1774194909.0382,431,40.6,0.2657,0.2350,0.2504,0.0034,0.9911,0.3334,0.2973,0,0,0.0000,0.0000,0,0.0023,NORMAL
1774194909.0543,432,63.2,0.2652,0.2346,0.2499,0.0030,0.9903,0.3562,0.2971,0,0,0.0000,0.0000,0,0.0023,NORMAL
1774194909.1410,433,11.5,0.2711,0.2660,0.2685,0.0051,0.9913,0.2798,0.2974,0,0,0.0000,0.0000,0,0.0023,NORMAL
1774194909.1635,434,45.2,0.2671,0.2638,0.2655,0.0046,0.9930,0.3437,0.2979,0,0,0.0000,0.0000,0,0.0023,NORMAL
1774194909.2866,435,8.1,0.1514,0.1822,0.1668,0.0068,0.9992,0.1569,0.9998,1,0,0.0000,0.0000,0,0.0023,NORMAL
1774194909.3046,436,55.3,0.1707,0.1964,0.1835,0.0042,0.9992,0.1520,0.9998,1,0,0.0180,0.0000,0,0.0023,NORMAL
1774194909.3206,437,64.2,0.1761,0.1995,0.1878,0.0042,0.9992,0.1738,0.9998,1,0,0.0340,0.0000,0,0.0023,NORMAL
1774194909.3367,438,63.1,0.1728,0.1904,0.1816,0.0035,0.9992,0.1667,0.9998,1,0,0.0500,0.0000,0,0.0023,NORMAL
1774194909.4135,439,13.0,0.2041,0.2688,0.2364,0.0028,0.9993,0.1099,0.2998,0,0,0.0000,0.0000,0,0.0023,NORMAL
1774194909.4302,440,59.8,0.1959,0.2579,0.2269,0.0038,0.9993,0.1099,0.2998,0,0,0.0000,0.0000,0,0.0023,NORMAL
1774194909.4462,441,62.6,0.2013,0.2530,0.2271,0.0028,0.9993,0.1056,0.2998,0,0,0.0000,0.0000,0,0.0023,NORMAL
1774194909.5433,442,10.3,0.1945,0.2662,0.2303,0.0017,0.9994,0.1281,0.2998,0,0,0.0000,0.0000,0,0.0023,NORMAL
1774194909.5702,443,36.8,0.1909,0.2684,0.2297,0.0004,0.9994,0.1279,0.2998,0,0,0.0000,0.0000,0,0.0023,NORMAL
1774194909.6867,444,8.6,0.1297,0.2439,0.1868,0.0008,0.9992,0.1053,0.9998,1,0,0.0000,0.0000,0,0.0022,NORMAL
